year,respondent_id,weight,gender,age,education,income_quintile,employment_status,area_type,has_account,has_bank_account,has_mobile_money,has_digital_account,did_save,did_borrow,owns_mobile_phone,uses_internet,receives_pension,receives_remittances,any_digital_payment
2017,153480377,1.97474705629003,Female,50.0,Primary or less,2,1,,0,0,0,,1,1,0.0,,4,5.0,
2017,154252357,0.290594591450477,Male,38.0,Secondary,5,1,,1,1,0,,0,1,1.0,,4,1.0,
2017,118847870,1.11884132813753,Male,19.0,Secondary,5,1,,1,0,1,,1,1,1.0,,4,1.0,
2017,159500973,0.878705082285889,Male,19.0,Secondary,5,1,,1,1,0,,1,0,1.0,,4,2.0,
2017,169225445,0.290594591450477,Female,34.0,Primary or less,3,1,,0,0,0,,1,1,1.0,,4,2.0,
2017,156269430,0.699438858778089,Male,20.0,Primary or less,3,0,,0,0,0,,0,0,0.0,,4,5.0,
2017,120674868,0.568904260399652,Female,23.0,Secondary,4,1,,1,0,1,,1,1,1.0,,4,1.0,
2017,159397909,0.507286880762063,Male,35.0,Secondary,5,1,,1,1,0,,1,0,1.0,,4,1.0,
2017,120341802,0.636618172145435,Female,32.0,Primary or less,3,0,,1,1,0,,1,1,1.0,,4,1.0,
2017,171894841,0.352744471299293,Female,37.0,Secondary,1,1,,0,0,0,,0,0,0.0,,4,2.0,
2017,171963420,0.732294363553432,Female,43.0,Primary or less,1,1,,0,0,0,,1,1,1.0,,4,5.0,
2017,129569388,1.33396758630301,Male,36.0,Primary or less,2,1,,0,0,0,,1,0,1.0,,4,3.0,
2017,171644538,0.73552959999162,Male,18.0,Primary or less,1,1,,0,0,0,,1,0,0.0,,4,5.0,
2017,155850023,1.68692945646925,Male,83.0,Primary or less,2,0,,0,0,0,,0,1,0.0,,4,3.0,
2017,126219651,1.31397502398675,Male,23.0,Secondary,3,1,,0,0,0,,0,0,1.0,,4,5.0,
2017,147956105,0.39100494664711,Female,55.0,Primary or less,1,1,,0,0,0,,0,1,0.0,,4,5.0,
2017,208005029,0.290594591450477,Female,28.0,Secondary,5,1,,1,1,1,,1,1,1.0,,4,5.0,
2017,129699622,2.78220033334623,Male,33.0,Primary or less,5,1,,0,0,0,,0,0,1.0,,4,2.0,
2017,128529800,1.42226065099913,Female,20.0,Secondary,5,1,,0,0,0,,1,0,1.0,,4,5.0,
2017,144955245,0.388995958429668,Female,23.0,Secondary,5,1,,1,1,1,,1,1,1.0,,4,1.0,
2017,116417975,0.752075932341435,Male,59.0,Primary or less,4,1,,0,0,0,,1,0,1.0,,4,5.0,
2017,182291120,1.41462187200898,Male,47.0,Primary or less,3,1,,0,0,0,,0,0,0.0,,4,5.0,
2017,182621848,1.36968157470837,Male,23.0,Primary or less,4,1,,0,0,0,,0,0,1.0,,4,5.0,
2017,131301173,0.774841276470409,Male,24.0,Primary or less,5,1,,0,0,0,,1,1,1.0,,4,5.0,
2017,156578117,0.290594591450477,Female,27.0,Secondary,1,1,,1,1,0,,1,0,1.0,,4,5.0,
2017,177032881,0.424041666140829,Male,27.0,Secondary,5,1,,1,0,1,,1,1,1.0,,4,1.0,
2017,182976233,0.418549180334234,Female,29.0,Primary or less,2,1,,0,0,0,,0,1,1.0,,4,5.0,
2017,166256620,0.983664398299852,Female,53.0,Primary or less,3,1,,0,0,0,,1,1,0.0,,4,2.0,
2017,134091644,0.86732347623627,Female,22.0,Secondary,3,1,,1,0,1,,1,1,1.0,,4,1.0,
2017,112875896,0.646473084395465,Male,28.0,Secondary,2,0,,0,0,0,,1,1,1.0,,4,3.0,
2017,137221352,1.56933927526011,Female,44.0,,3,1,,0,0,0,,1,0,1.0,,4,5.0,
2017,152733909,0.340512489179533,Male,27.0,Secondary,5,1,,1,1,1,,1,1,1.0,,4,1.0,
2017,167776261,2.43371622388448,Female,40.0,Primary or less,4,1,,0,0,0,,1,1,1.0,,4,2.0,
2017,141474709,0.301625591731548,Female,22.0,Secondary,5,0,,0,0,0,,1,0,1.0,,4,2.0,
2017,185510495,0.546871680839914,Male,28.0,Secondary,4,1,,0,0,0,,1,1,1.0,,4,2.0,
2017,162089640,0.332660487133329,Female,39.0,Secondary,5,0,,1,1,0,,0,1,1.0,,1,1.0,
2017,129283433,0.872553331758419,Female,66.0,Primary or less,5,1,,0,0,0,,1,1,1.0,,4,5.0,
2017,135195193,0.608429055971121,Female,42.0,Primary or less,2,1,,1,1,1,,1,1,1.0,,4,5.0,
2017,116539767,1.11700535400161,Female,27.0,Primary or less,5,1,,0,0,0,,0,0,0.0,,4,5.0,
2017,113817985,1.50480394033675,Male,34.0,Secondary,2,1,,1,1,0,,1,0,1.0,,4,1.0,
2017,208414743,2.78220033334623,Female,57.0,Primary or less,5,0,,0,0,0,,0,0,1.0,,4,3.0,
2017,205486666,0.593738923279351,Male,62.0,Secondary,5,0,,1,1,1,,1,1,1.0,,1,1.0,
2017,179685419,0.80319070592211,Male,32.0,Primary or less,5,1,,0,0,0,,1,1,1.0,,4,3.0,
2017,121557366,0.388995958429668,Female,19.0,Secondary,3,1,,0,0,0,,1,0,1.0,,4,5.0,
2017,135837053,0.290594591450477,Female,32.0,Secondary,4,1,,1,1,1,,1,0,1.0,,1,1.0,
2017,197729427,1.18918082275478,Female,30.0,Primary or less,3,0,,0,0,0,,0,1,1.0,,4,5.0,
2017,200305907,1.4497210323112,Male,28.0,Secondary,2,0,,1,1,0,,1,1,1.0,,4,1.0,
2017,208461153,0.290594591450477,Male,29.0,Tertiary+,4,1,,1,1,1,,1,1,1.0,,3,1.0,
2017,142885331,0.546871680839914,Male,30.0,Secondary,1,1,,0,0,0,,1,0,1.0,,4,4.0,
2017,125768356,1.49396794244037,Female,30.0,Primary or less,3,1,,0,0,0,,0,0,1.0,,4,5.0,
2017,204675289,0.693530935483499,Female,36.0,Primary or less,1,1,,0,0,0,,1,0,1.0,,4,2.0,
2017,207066660,0.323236542197733,Male,25.0,Secondary,3,1,,1,1,0,,0,1,1.0,,4,1.0,
2017,152118415,1.83105943854804,Male,30.0,Primary or less,3,0,,0,0,0,,0,1,1.0,,4,5.0,
2017,114176124,0.68605092692134,Female,70.0,Primary or less,4,0,,1,1,1,,0,1,1.0,,4,1.0,
2017,155212068,0.380269960139007,Female,27.0,Secondary,4,1,,0,0,0,,1,1,1.0,,4,2.0,
2017,122060164,1.0215374675386,Male,27.0,Secondary,3,0,,0,0,0,,0,0,1.0,,4,5.0,
2017,207821099,0.593738923279351,Male,57.0,Secondary,2,1,,0,0,0,,1,1,0.0,,4,2.0,
2017,116757530,1.18918082275478,Female,26.0,Primary or less,2,0,,0,0,0,,0,0,1.0,,4,5.0,
2017,128845099,1.53436256512842,Female,15.0,Primary or less,5,1,,0,0,0,,0,0,1.0,,4,5.0,
2017,210345473,1.1359648198477,Male,50.0,Primary or less,2,0,,0,0,0,,0,0,1.0,,4,2.0,
2017,207670347,0.699438858778089,Male,16.0,Primary or less,3,1,,0,0,0,,0,1,1.0,,4,5.0,
2017,169765406,2.78220033334623,Female,43.0,Primary or less,3,0,,1,1,0,,1,0,0.0,,4,5.0,
2017,205355365,0.290594591450477,Female,51.0,Secondary,4,1,,0,0,0,,1,1,0.0,,4,3.0,
2017,159985748,1.9673287965997,Female,45.0,Primary or less,2,1,,0,0,0,,1,1,1.0,,4,2.0,
2017,192202363,1.50415186468287,Male,75.0,Primary or less,2,1,,0,0,0,,0,0,0.0,,4,5.0,
2017,115882894,0.290594591450477,Female,28.0,Secondary,4,0,,0,0,0,,0,0,1.0,,4,5.0,
2017,170530444,0.417024263742977,Female,48.0,Secondary,1,0,,0,0,0,,0,0,1.0,,4,5.0,
2017,174963495,1.12410670275794,Male,28.0,Secondary,5,1,,1,1,0,,1,1,1.0,,4,5.0,
2017,183003882,0.290594591450477,Male,25.0,Secondary,5,1,,1,1,1,,1,1,1.0,,4,1.0,
2017,179493232,1.1359648198477,Male,50.0,Primary or less,2,0,,0,0,0,,0,0,1.0,,4,5.0,
2017,178376684,0.86732347623627,Female,19.0,Secondary,4,1,,0,0,0,,1,1,1.0,,4,4.0,
2017,180668594,0.312661288581066,Female,28.0,Secondary,4,1,,1,0,1,,1,1,1.0,,4,1.0,
2017,176604215,0.339543966413068,Male,43.0,Secondary,4,1,,0,0,0,,1,1,1.0,,4,3.0,
2017,173719509,0.565535208447619,Male,41.0,Primary or less,4,1,,0,0,0,,0,0,1.0,,4,5.0,
2017,168097063,1.49775535993357,Male,18.0,Secondary,1,1,,0,0,0,,1,1,1.0,,4,2.0,
2017,120039912,0.589718989408978,Female,27.0,Secondary,2,0,,0,0,0,,1,1,1.0,,4,2.0,
2017,176353109,1.5827078729492,Male,15.0,Secondary,1,0,,0,0,0,,0,0,1.0,,4,3.0,
2017,151464386,1.58470617134833,Female,53.0,Primary or less,5,0,,1,1,0,,0,0,1.0,,4,5.0,
2017,121404070,0.650492607177202,Female,20.0,Secondary,4,0,,0,0,0,,1,1,1.0,,4,5.0,
2017,161857548,2.78220033334623,Male,53.0,Primary or less,1,1,,0,0,0,,1,1,1.0,,4,2.0,
2017,168686495,0.394949411258007,Female,51.0,Primary or less,4,1,,0,0,0,,1,1,0.0,,4,5.0,
2017,178916421,0.39100494664711,Female,78.0,Primary or less,2,1,,0,0,0,,0,0,0.0,,4,5.0,
2017,159158702,1.04591952676629,Female,55.0,Primary or less,5,1,,1,0,1,,0,0,1.0,,4,1.0,
2017,207387247,0.807552126200204,Female,16.0,Secondary,3,1,,0,0,0,,0,1,0.0,,4,2.0,
2017,171746810,0.290594591450477,Male,45.0,Secondary,5,0,,1,1,0,,1,0,1.0,,4,5.0,
2017,134433855,0.931755864214518,Male,20.0,Secondary,2,1,,1,1,1,,1,1,1.0,,4,5.0,
2017,130455200,0.482923195402397,Male,27.0,Secondary,4,0,,1,1,1,,1,1,1.0,,4,1.0,
2017,150216729,0.568904260399652,Female,23.0,Secondary,4,1,,1,0,1,,1,0,1.0,,4,5.0,
2017,181504184,0.577775682799817,Male,49.0,Secondary,4,0,,1,1,0,,1,0,1.0,,4,5.0,
2017,190580011,0.665320974266658,Female,42.0,Secondary,5,0,,0,0,0,,1,0,1.0,,4,5.0,
2017,166447497,0.290594591450477,Female,23.0,Secondary,3,1,,0,0,0,,0,0,0.0,,4,5.0,
2017,155764226,1.1378085207993,Female,24.0,Secondary,4,1,,0,0,0,,1,1,1.0,,4,2.0,
2017,163452283,0.757769015454313,Female,52.0,Secondary,3,1,,0,0,0,,0,1,1.0,,4,2.0,
2017,117998546,0.792787215169855,Female,32.0,Primary or less,2,0,,0,0,0,,0,1,1.0,,4,2.0,
2017,140419448,1.55913790530502,Male,19.0,Secondary,2,1,,1,0,1,,1,1,1.0,,4,2.0,
2017,138035448,0.476782200505462,Male,56.0,Secondary,1,1,,0,0,0,,0,0,0.0,,4,5.0,
2017,210543190,0.380269960139007,Female,26.0,Secondary,1,1,,1,1,0,,1,0,1.0,,4,5.0,
2017,127542360,1.98196803792464,Female,28.0,Primary or less,1,1,,0,0,0,,0,0,0.0,,4,5.0,
2017,131471031,0.483353006429382,Male,33.0,Secondary,2,1,,0,0,0,,0,0,1.0,,4,3.0,
2017,123888656,2.74969253983874,Male,19.0,Primary or less,2,1,,0,0,0,,0,0,1.0,,4,5.0,
2017,132028463,0.504152898004355,Female,30.0,Secondary,5,0,,0,0,0,,0,1,1.0,,4,5.0,
2017,158584276,0.290594591450477,Female,20.0,Secondary,2,0,,0,0,0,,1,1,1.0,,4,5.0,
2017,149927304,0.762440717323398,Male,33.0,Primary or less,5,1,,1,1,0,,1,1,1.0,,4,1.0,
2017,128508733,1.92982634299775,Male,23.0,Primary or less,5,1,,1,1,1,,0,1,0.0,,4,2.0,
2017,187720312,0.418277151480107,Male,65.0,Secondary,5,1,,1,1,0,,0,0,1.0,,1,1.0,
2017,147439395,0.589718989408978,Female,28.0,Secondary,3,1,,0,0,0,,0,0,0.0,,4,5.0,
2017,209985772,1.18918082275478,Female,25.0,Primary or less,2,1,,0,0,0,,1,1,1.0,,4,3.0,
2017,129121298,0.482923195402397,Male,34.0,Secondary,5,0,,1,1,0,,1,1,1.0,,4,2.0,
2017,134213979,0.403228310029124,Female,26.0,Secondary,5,1,,1,0,1,,1,0,1.0,,4,1.0,
2017,158175184,0.51588667749841,Female,38.0,Secondary,3,1,,1,0,1,,1,1,1.0,,4,1.0,
2017,198412382,0.290594591450477,Female,39.0,Secondary,3,1,,1,1,0,,1,0,1.0,,4,1.0,
2017,170438156,2.78220033334623,Male,46.0,Primary or less,1,0,,0,0,0,,1,0,1.0,,4,5.0,
2017,168710814,0.314792604896963,Male,67.0,Secondary,3,1,,1,1,0,,1,0,1.0,,1,1.0,
2017,182246111,0.720618415396994,Female,22.0,Primary or less,1,1,,0,0,0,,0,0,1.0,,4,5.0,
2017,165607307,1.20838251607345,Male,27.0,Secondary,2,1,,0,0,0,,0,1,0.0,,4,2.0,
2017,149456238,1.12382073641315,Female,27.0,Secondary,4,1,,0,0,0,,1,1,1.0,,4,5.0,
2017,199085897,1.08415434529534,Female,17.0,Secondary,1,0,,0,0,0,,1,1,0.0,,4,2.0,
2017,204433372,1.11700535400161,Female,28.0,Primary or less,4,0,,0,0,0,,0,1,1.0,,4,5.0,
2017,165124679,1.40526383622488,Male,40.0,Primary or less,3,0,,0,0,0,,0,0,0.0,,4,5.0,
2017,119226131,1.59050090547547,Female,29.0,Primary or less,3,0,,0,0,0,,0,1,1.0,,4,5.0,
2017,195206704,0.290594591450477,Male,66.0,Secondary,2,1,,0,0,0,,0,0,0.0,,4,5.0,
2017,199186495,0.818149372114529,Male,15.0,Secondary,5,1,,1,0,1,,1,1,1.0,,4,1.0,
2017,128854734,1.08415434529534,Female,23.0,Secondary,3,1,,1,1,0,,1,1,1.0,,4,5.0,
2017,153556881,0.39100494664711,Female,65.0,Primary or less,4,0,,0,0,0,,0,0,0.0,,4,5.0,
2017,166704822,1.00021683782785,Male,32.0,Primary or less,4,1,,1,1,0,,1,1,1.0,,4,5.0,
2017,122516900,2.10789575433732,Male,40.0,Primary or less,2,1,,0,0,0,,0,1,1.0,,4,2.0,
2017,125847593,0.87101421670183,Male,23.0,Primary or less,5,1,,1,1,0,,1,1,1.0,,1,1.0,
2017,151672911,0.881355664741043,Female,47.0,Secondary,4,1,,0,0,0,,1,0,1.0,,4,2.0,
2017,174103904,0.290594591450477,Female,23.0,Secondary,5,1,,0,0,0,,1,0,0.0,,4,5.0,
2017,148836582,0.520735842588499,Female,19.0,Primary or less,2,1,,0,0,0,,1,0,1.0,,4,5.0,
2017,174904465,0.290594591450477,Female,29.0,Secondary,5,1,,1,0,1,,1,0,1.0,,4,1.0,
2017,196499860,2.00095137945451,Male,36.0,Primary or less,3,1,,0,0,0,,1,1,1.0,,4,2.0,
2017,182031486,1.12461963764616,Male,60.0,Primary or less,2,1,,0,0,0,,0,0,0.0,,4,5.0,
2017,130384967,0.290594591450477,Female,30.0,Secondary,2,0,,0,0,0,,0,0,1.0,,4,5.0,
2017,154125268,1.04029640322525,Female,36.0,Primary or less,2,0,,0,0,0,,0,1,1.0,,4,2.0,
2017,112849538,1.08415434529534,Female,17.0,Secondary,2,1,,0,0,0,,1,1,1.0,,4,2.0,
2017,156958826,1.67074236828816,Female,40.0,Primary or less,5,1,,0,0,0,,1,1,1.0,,4,5.0,
2017,124763693,0.323236542197733,Male,28.0,Secondary,2,1,,0,0,0,,1,1,1.0,,4,2.0,
2017,192365157,1.52752994130909,Female,19.0,Primary or less,1,0,,0,0,0,,1,1,1.0,,4,2.0,
2017,200315243,1.5296099749222,Female,16.0,Primary or less,3,0,,0,0,0,,0,0,0.0,,4,5.0,
2017,142064447,1.30183960647125,Female,17.0,Primary or less,1,0,,0,0,0,,0,0,0.0,,4,5.0,
2017,184095979,0.472207192645379,Female,36.0,Primary or less,2,1,,1,1,0,,1,1,1.0,,4,5.0,
2017,133732215,0.448004480345014,Male,53.0,Secondary,5,1,,1,1,1,,1,0,0.0,,4,1.0,
2017,182660917,1.36628192786817,Male,31.0,Secondary,3,1,,1,1,1,,1,1,1.0,,4,1.0,
2017,115759633,2.43460070209244,Female,71.0,Primary or less,3,1,,0,0,0,,0,0,0.0,,4,4.0,
2017,196578073,0.7648049874611,Female,20.0,Primary or less,1,0,,0,0,0,,0,1,1.0,,4,3.0,
2017,126348687,0.86732347623627,Female,18.0,Secondary,1,1,,0,0,0,,0,0,1.0,,4,5.0,
2017,134624475,1.69771983206534,Male,43.0,Secondary,4,1,,1,1,0,,1,1,1.0,,4,1.0,
2017,124647160,1.52752994130909,Female,18.0,Secondary,2,1,,0,0,0,,1,1,0.0,,4,4.0,
2017,141823445,0.296869461639676,Male,62.0,Secondary,5,1,,1,1,0,,1,0,1.0,,1,3.0,
2017,176967209,0.865309997960482,Female,20.0,Primary or less,5,1,,0,0,0,,0,0,0.0,,4,5.0,
2017,146361243,1.03633167323627,Male,21.0,Primary or less,5,1,,0,0,0,,1,1,1.0,,4,2.0,
2017,166493839,0.725029509644072,Male,28.0,Primary or less,3,1,,0,0,0,,0,0,1.0,,4,5.0,
2017,183383242,1.43521144568816,Male,38.0,Primary or less,1,0,,1,1,0,,1,1,1.0,,4,1.0,
2017,178715883,0.786695605811408,Male,40.0,Secondary,3,1,,1,1,1,,1,0,1.0,,4,1.0,
2017,205095422,1.83105943854804,Male,34.0,Primary or less,5,1,,0,0,0,,1,1,1.0,,4,2.0,
2017,133963792,0.733695893503116,Female,15.0,Secondary,5,0,,0,0,0,,1,1,0.0,,4,3.0,
2017,152911118,0.403228310029124,Female,25.0,Secondary,4,0,,1,1,1,,0,0,1.0,,4,1.0,
2017,170035349,0.7648049874611,Female,18.0,Primary or less,2,0,,0,0,0,,0,1,0.0,,4,5.0,
2017,145308500,1.58470617134833,Female,52.0,Primary or less,1,1,,0,0,0,,0,0,1.0,,4,5.0,
2017,127202457,0.546871680839914,Male,32.0,Secondary,3,1,,1,1,1,,0,0,1.0,,4,1.0,
2017,182655100,0.86732347623627,Female,17.0,Secondary,4,0,,0,0,0,,0,0,1.0,,4,2.0,
2017,142878749,1.11700535400161,Female,29.0,Primary or less,4,1,,0,0,0,,1,1,1.0,,4,3.0,
2017,197584477,0.52911670694894,Female,41.0,Tertiary+,3,1,,1,1,0,,1,0,1.0,,4,5.0,
2017,158781547,1.30692443681883,Female,40.0,Primary or less,1,1,,0,0,0,,0,0,1.0,,4,5.0,
2017,192457791,1.46892610790174,Female,54.0,Secondary,5,1,,0,0,0,,1,0,1.0,,4,5.0,
2017,134199941,1.13107041689524,Male,42.0,Secondary,3,1,,1,1,0,,1,1,1.0,,4,1.0,
2017,157404076,2.12066787396729,Female,29.0,Primary or less,3,1,,1,1,0,,0,0,1.0,,4,5.0,
2017,170233367,0.290594591450477,Male,36.0,Secondary,5,1,,1,1,1,,1,1,1.0,,4,1.0,
2017,173017074,0.305505988261817,Female,20.0,Secondary,3,1,,0,0,0,,0,1,1.0,,4,2.0,
2017,198099902,0.403228310029124,Female,30.0,Secondary,3,0,,1,1,0,,1,0,1.0,,4,1.0,
2017,156811519,0.290594591450477,Male,30.0,Secondary,5,1,,1,1,0,,1,1,1.0,,4,1.0,
2017,195655199,2.20658879997486,Male,21.0,Primary or less,4,1,,1,0,1,,1,0,1.0,,4,5.0,
2017,199522726,1.22722405817179,Male,18.0,Secondary,4,0,,0,0,0,,1,0,1.0,,4,3.0,
2017,171515030,0.504152898004355,Female,26.0,Secondary,3,1,,0,0,0,,1,0,1.0,,4,5.0,
2017,170646922,0.528235390449443,Female,45.0,Primary or less,2,1,,0,0,0,,0,0,1.0,,4,2.0,
2017,144193534,0.290594591450477,Female,70.0,Tertiary+,5,1,,0,0,0,,0,1,1.0,,4,2.0,
2017,145536908,0.932585145037451,Male,17.0,Secondary,3,0,,1,1,1,,1,1,1.0,,4,1.0,
2017,173196853,0.39840820060214,Male,41.0,Primary or less,5,1,,1,1,0,,0,0,1.0,,4,2.0,
2017,194205341,0.605664094650153,Female,17.0,Secondary,3,1,,0,0,0,,0,1,1.0,,4,3.0,
2017,153871619,0.290594591450477,Female,30.0,Tertiary+,4,1,,1,0,1,,1,0,1.0,,4,1.0,
2017,182347179,1.24731032424402,Male,21.0,Secondary,1,1,,1,0,1,,1,0,1.0,,4,1.0,
2017,173252638,0.290594591450477,Female,43.0,Primary or less,5,1,,0,0,0,,0,0,1.0,,4,5.0,
2017,123692422,0.834048527485955,Female,48.0,Secondary,3,1,,0,0,0,,1,0,1.0,,4,2.0,
2017,125179237,0.328493755996689,Male,16.0,Secondary,5,1,,0,0,0,,0,1,0.0,,4,2.0,
2017,192502710,0.602638818845395,Female,52.0,Secondary,5,1,,1,1,1,,1,1,1.0,,1,1.0,
2017,177012667,1.82528716791336,Female,35.0,Primary or less,4,0,,0,0,0,,1,0,1.0,,4,3.0,
2017,142749601,0.733695893503116,Female,16.0,Secondary,5,1,,1,1,0,,1,0,1.0,,4,5.0,
2017,202374362,0.439352541142944,Male,22.0,Secondary,4,1,,1,0,1,,1,1,1.0,,4,2.0,
2017,155987321,2.37681587018966,Male,78.0,Primary or less,3,0,,0,0,0,,0,1,1.0,,4,3.0,
2017,201984730,1.10054384025467,Female,22.0,Secondary,4,0,,1,1,0,,1,0,1.0,,4,3.0,
2017,172306837,1.08415434529534,Female,22.0,Secondary,1,1,,1,1,0,,1,1,1.0,,4,1.0,
2017,154646802,0.29788061745408,Male,39.0,Secondary,4,1,,1,1,0,,0,0,1.0,,4,5.0,
2017,124302905,0.311827581061005,Male,18.0,Secondary,1,0,,0,0,0,,0,0,1.0,,4,3.0,
2017,172076971,0.709897332709107,Male,33.0,Primary or less,5,0,,0,0,0,,0,1,1.0,,4,2.0,
2017,204221507,0.290594591450477,Female,26.0,Secondary,5,0,,1,0,1,,1,1,1.0,,4,1.0,
2017,127691965,2.78220033334623,Male,57.0,Primary or less,2,1,,1,1,0,,1,0,1.0,,4,2.0,
2017,137870621,0.589871606196412,Female,43.0,Secondary,2,0,,0,0,0,,1,0,1.0,,4,2.0,
2017,199394822,1.63629874422906,Male,15.0,Primary or less,5,0,,0,0,0,,1,0,0.0,,4,2.0,
2017,186650930,2.04537343028632,Male,15.0,Primary or less,3,1,,0,0,0,,1,1,1.0,,4,2.0,
2017,164237540,0.290594591450477,Male,60.0,Tertiary+,5,0,,1,1,1,,0,1,1.0,,4,6.0,
2017,150902475,1.3910115677118,Female,31.0,Primary or less,5,0,,0,0,0,,0,0,0.0,,4,5.0,
2017,166668308,0.865309997960482,Female,19.0,Primary or less,5,0,,0,0,0,,1,0,0.0,,4,5.0,
2017,191073422,0.910854618578778,Male,32.0,Secondary,4,1,,1,1,0,,1,1,1.0,,4,2.0,
2017,137622919,0.792787215169855,Female,30.0,Primary or less,3,1,,0,0,0,,0,1,1.0,,4,5.0,
2017,185646530,0.290594591450477,Female,28.0,Secondary,3,0,,1,1,1,,0,1,1.0,,1,1.0,
2017,149352557,0.293785221580348,Female,54.0,Secondary,5,0,,1,1,0,,1,0,1.0,,5,5.0,
2017,133397282,0.341502806631555,Male,50.0,Secondary,1,1,,1,1,0,,1,1,1.0,,4,5.0,
2017,183003636,1.41462187200898,Male,51.0,Primary or less,3,1,,0,0,0,,1,0,1.0,,4,4.0,
2017,138681472,0.68605092692134,Female,61.0,Primary or less,1,0,,0,0,0,,0,0,0.0,,4,5.0,
2017,188549663,0.409074686057264,Male,24.0,Primary or less,5,1,,1,0,1,,0,0,1.0,,4,1.0,
2017,160071443,0.559420664068763,Male,20.0,Secondary,5,1,,0,0,0,,1,1,1.0,,4,3.0,
2017,205482200,0.616821806007877,Female,58.0,Secondary,2,1,,1,1,0,,1,1,1.0,,1,1.0,
2017,131170178,0.593738923279351,Male,73.0,Secondary,5,1,,1,1,0,,1,0,1.0,,1,1.0,
2017,118497186,0.466292572518726,Male,19.0,Secondary,2,1,,0,0,0,,0,1,0.0,,4,5.0,
2017,146690884,1.9920410030107,Male,42.0,Secondary,1,1,,1,1,0,,1,0,1.0,,4,1.0,
2017,139549725,1.87550243786153,Female,60.0,Secondary,3,0,,1,1,1,,1,1,1.0,,4,4.0,
2017,134624011,1.42226065099913,Female,23.0,Secondary,4,1,,0,0,0,,0,0,1.0,,4,5.0,
2017,119053268,2.78220033334623,Male,21.0,Primary or less,1,1,,0,0,0,,1,1,0.0,,4,5.0,
2017,207811202,2.78220033334623,Female,30.0,Primary or less,1,1,,0,0,0,,1,1,1.0,,4,6.0,
2017,192775064,0.589718989408978,Female,30.0,Secondary,5,1,,1,1,0,,1,1,1.0,,4,5.0,
2017,166123045,0.973840280836975,Female,59.0,Primary or less,4,0,,1,0,1,,0,0,1.0,,4,1.0,
2017,155347910,1.91201246865275,Female,17.0,Primary or less,2,1,,0,0,0,,1,1,0.0,,4,5.0,
2017,117909638,1.83423973375779,Female,19.0,Secondary,4,1,,1,1,1,,1,0,1.0,,4,1.0,
2017,180424312,2.48407518098286,Male,37.0,Primary or less,4,1,,1,1,0,,1,0,1.0,,4,2.0,
2017,121555306,0.789898822516014,Female,48.0,Primary or less,4,1,,1,0,1,,1,1,0.0,,4,1.0,
2017,153836060,1.76955169034097,Female,,,5,1,,1,1,1,,1,1,1.0,,4,1.0,
2017,160282905,2.69394879677188,Female,23.0,Primary or less,3,1,,0,0,0,,0,1,1.0,,4,2.0,
2017,205949165,1.91201246865275,Female,16.0,Primary or less,1,0,,0,0,0,,0,0,0.0,,4,5.0,
2017,198154580,0.290594591450477,Female,32.0,Secondary,5,1,,1,1,0,,1,1,1.0,,4,1.0,
2017,185920127,0.550910270106161,Female,80.0,Primary or less,3,0,,0,0,0,,0,0,1.0,,4,5.0,
2017,143701521,0.568904260399652,Female,21.0,Secondary,4,1,,0,0,0,,0,0,1.0,,4,3.0,
2017,112085523,0.339543966413068,Male,41.0,Secondary,5,1,,1,1,0,,1,0,1.0,,4,1.0,
2017,121539846,0.290594591450477,Male,72.0,Secondary,5,1,,0,0,0,,0,0,1.0,,4,5.0,
2017,141810300,1.42226065099913,Female,17.0,Secondary,5,1,,1,1,1,,1,1,1.0,,4,1.0,
2017,113921665,0.290594591450477,Female,25.0,Secondary,4,1,,0,0,0,,1,1,1.0,,4,2.0,
2017,124191738,2.78220033334623,Female,30.0,Primary or less,1,0,,0,0,0,,0,0,0.0,,4,5.0,
2017,119129192,2.74969253983874,Male,22.0,Primary or less,1,1,,1,0,1,,1,1,0.0,,4,1.0,
2017,134156875,1.33396758630301,Male,36.0,Primary or less,3,1,,0,0,0,,0,1,1.0,,4,5.0,
2017,206797364,1.12331651995018,Male,20.0,Secondary,5,0,,0,0,0,,0,0,1.0,,4,5.0,
2017,170740919,1.1420988860396,Female,18.0,Secondary,4,0,,0,0,0,,0,1,1.0,,4,2.0,
2017,145536767,2.40271854990126,Male,43.0,Primary or less,3,1,,0,0,0,,0,0,1.0,,4,5.0,
2017,182850095,0.498688390037037,Male,42.0,Primary or less,5,1,,0,0,0,,1,1,1.0,,4,5.0,
2017,147319344,2.78220033334623,Male,36.0,Primary or less,3,1,,1,1,0,,1,1,1.0,,4,1.0,
2017,142681044,1.3910115677118,Female,31.0,Primary or less,4,1,,1,1,1,,1,1,1.0,,4,1.0,
2017,122029320,1.09374336167983,Male,30.0,Secondary,4,1,,1,1,0,,1,1,1.0,,4,3.0,
2017,148133102,0.290594591450477,Male,24.0,Secondary,3,0,,0,0,0,,0,0,1.0,,4,5.0,
2017,113003954,0.311827581061005,Male,19.0,Secondary,3,1,,1,0,1,,1,1,1.0,,4,5.0,
2017,112216634,1.68692945646925,Male,67.0,Primary or less,1,1,,1,1,0,,1,1,1.0,,4,5.0,
2017,166192206,0.733695893503116,Female,19.0,Primary or less,3,1,,0,0,0,,1,0,1.0,,4,4.0,
2017,179642075,0.481591987525105,Male,49.0,Secondary,3,0,,0,0,0,,0,0,1.0,,4,5.0,
2017,167027215,1.14011865872826,Male,29.0,Primary or less,1,1,,0,0,0,,0,1,1.0,,4,3.0,
2017,158708601,0.51588667749841,Female,38.0,Secondary,3,1,,0,0,0,,0,0,1.0,,4,5.0,
2017,167416540,1.17301483994133,Female,58.0,Primary or less,2,0,,0,0,0,,1,0,0.0,,4,5.0,
2017,185837937,1.97452265216932,Female,31.0,Primary or less,1,1,,0,0,0,,0,0,1.0,,4,5.0,
2017,169347424,2.6811044372344,Female,50.0,Primary or less,4,0,,1,1,0,,1,1,1.0,,4,1.0,
2017,118942121,0.332660487133329,Female,35.0,Secondary,1,1,,1,1,0,,1,1,1.0,,4,1.0,
2017,209249915,0.781103763882749,Female,22.0,Primary or less,5,1,,1,1,1,,1,1,1.0,,4,1.0,
2017,146048512,0.409074686057264,Male,22.0,Secondary,5,1,,1,0,1,,1,1,1.0,,4,1.0,
2017,119370997,0.456839554415839,Female,18.0,Secondary,2,0,,0,0,0,,1,0,1.0,,4,5.0,
2017,139173044,1.26749021568394,Male,45.0,Secondary,3,1,,0,0,0,,1,1,1.0,,4,3.0,
2017,130220984,1.42226065099913,Female,17.0,Secondary,1,1,,0,0,0,,1,1,1.0,,4,5.0,
2017,182939165,0.311827581061005,Male,18.0,Secondary,1,1,,0,0,0,,1,1,0.0,,4,2.0,
2017,130946405,0.290594591450477,Female,29.0,Tertiary+,4,1,,1,1,1,,1,1,1.0,,4,1.0,
2017,134786253,0.290594591450477,Male,56.0,Secondary,4,1,,0,0,0,,0,0,1.0,,4,5.0,
2017,209752403,0.511454188376139,Female,24.0,Primary or less,5,1,,0,0,0,,0,1,1.0,,4,2.0,
2017,199097264,1.10054384025467,Female,20.0,Secondary,2,0,,0,0,0,,1,1,1.0,,4,2.0,
2017,187887821,0.290594591450477,Male,21.0,Secondary,5,0,,0,0,0,,0,0,1.0,,4,2.0,
2017,155805763,0.449528294565262,Female,30.0,Secondary,2,0,,0,0,0,,0,0,0.0,,4,5.0,
2017,145777078,0.530166968491822,Female,30.0,Primary or less,1,1,,1,1,0,,1,1,0.0,,4,3.0,
2017,138069742,0.316683658740025,Female,30.0,Secondary,5,1,,1,1,1,,1,1,1.0,,4,1.0,
2017,121379222,0.312661288581066,Female,27.0,Secondary,5,1,,1,0,1,,1,0,1.0,,4,1.0,
2017,130139387,1.30692443681883,Female,38.0,Primary or less,2,1,,0,0,0,,1,1,1.0,,4,2.0,
2017,211024750,0.803518425127192,Female,48.0,Secondary,5,0,,1,1,0,,1,0,1.0,,4,1.0,
2017,163258234,0.38240249373055,Female,17.0,Primary or less,5,1,,0,0,0,,1,0,0.0,,4,5.0,
2017,152596637,0.702631918112438,Male,40.0,Primary or less,2,1,,0,0,0,,0,0,1.0,,4,5.0,
2017,157767297,1.50415186468287,Male,67.0,Primary or less,1,1,,0,0,0,,0,0,1.0,,4,5.0,
2017,187911738,1.4894030872704,Male,43.0,Secondary,2,0,,0,0,0,,0,1,1.0,,4,5.0,
2017,195961739,0.890608384919027,Male,60.0,Secondary,3,1,,1,0,1,,1,1,1.0,,4,2.0,
2017,173491139,0.51588667749841,Female,35.0,Primary or less,3,1,,0,0,0,,1,0,1.0,,4,5.0,
2017,172229265,1.03177335499682,Female,41.0,Secondary,4,1,,0,0,0,,1,1,1.0,,4,3.0,
2017,151124696,0.290594591450477,Female,29.0,Secondary,5,0,,0,0,0,,1,0,1.0,,4,2.0,
2017,130586832,1.4736586172148,Female,56.0,Primary or less,4,0,,0,0,0,,1,1,1.0,,4,4.0,
2017,112538765,0.526561510827293,Male,39.0,Primary or less,3,1,,1,1,1,,1,1,1.0,,1,1.0,
2017,159100939,0.996572708720628,Male,54.0,Primary or less,5,1,,0,0,0,,1,0,1.0,,4,3.0,
2017,163317736,0.290594591450477,Female,67.0,Secondary,4,0,,1,1,0,,0,1,1.0,,1,5.0,
2017,206666412,2.78220033334623,Male,38.0,Primary or less,1,1,,1,1,0,,1,1,1.0,,4,5.0,
2017,117669781,0.380269960139007,Female,30.0,Primary or less,2,0,,1,0,1,,0,1,1.0,,4,1.0,
2017,182178280,1.1359648198477,Male,50.0,Primary or less,3,1,,0,0,0,,0,1,1.0,,4,5.0,
2017,123539487,0.311827581061005,Male,20.0,Secondary,2,1,,0,0,0,,0,0,1.0,,4,2.0,
2017,144045524,2.04537343028632,Male,20.0,Secondary,1,1,,0,0,0,,1,1,1.0,,4,5.0,
2017,165514493,0.498688390037037,Male,39.0,Primary or less,4,1,,0,0,0,,0,0,1.0,,4,5.0,
2017,150653735,0.781103763882749,Female,20.0,Secondary,3,0,,0,0,0,,0,1,0.0,,4,2.0,
2017,203001539,0.568904260399652,Female,21.0,Secondary,3,1,,0,0,0,,1,0,0.0,,4,5.0,
2017,209147661,0.762440717323398,Male,30.0,Primary or less,2,1,,1,1,0,,1,1,0.0,,4,1.0,
2017,144776197,2.19676270571472,Male,18.0,Secondary,5,1,,0,0,0,,1,0,1.0,,4,3.0,
2017,181317851,0.650492607177202,Female,24.0,Secondary,2,1,,0,0,0,,1,1,0.0,,4,5.0,
2017,134077172,1.14720748119165,Female,20.0,Primary or less,1,0,,0,0,0,,0,0,0.0,,4,5.0,
2017,126761256,1.11700535400161,Female,25.0,Primary or less,2,1,,0,0,0,,1,1,1.0,,4,5.0,
2017,161054507,2.78220033334623,Male,50.0,Primary or less,1,1,,0,0,0,,1,0,1.0,,4,5.0,
2017,122791473,1.46573586192641,Female,40.0,Primary or less,4,0,,0,0,0,,0,1,0.0,,4,5.0,
2017,134747108,0.290594591450477,Male,22.0,Secondary,4,1,,0,0,0,,1,0,0.0,,4,3.0,
2017,111134553,0.621018795245714,Male,39.0,Primary or less,5,1,,0,0,0,,1,0,0.0,,4,3.0,
2017,126950769,0.386724463956489,Male,49.0,Secondary,5,1,,1,1,1,,1,1,1.0,,4,1.0,
2017,196595982,0.80319070592211,Male,30.0,Primary or less,5,1,,0,0,0,,0,0,0.0,,4,5.0,
2017,192120515,0.290594591450477,Male,28.0,Secondary,2,0,,1,0,1,,0,0,1.0,,4,1.0,
2017,131979718,0.294859494704489,Female,30.0,Secondary,5,1,,1,1,0,,1,1,1.0,,4,1.0,
2017,194785435,0.449528294565262,Female,29.0,Secondary,3,1,,0,0,0,,1,1,1.0,,4,2.0,
2017,135456284,1.42226065099913,Female,20.0,Secondary,4,1,,0,0,0,,0,0,1.0,,4,3.0,
2017,133080126,2.78220033334623,Male,25.0,Primary or less,1,1,,0,0,0,,1,1,1.0,,4,5.0,
2017,124060112,1.5827078729492,Male,20.0,Secondary,5,0,,1,0,1,,1,1,1.0,,4,1.0,
2017,164300630,0.760930321143094,Male,40.0,Secondary,5,1,,1,1,0,,1,0,1.0,,4,2.0,
2017,132950299,0.550910270106161,Female,65.0,Primary or less,2,0,,0,0,0,,0,1,0.0,,4,3.0,
2017,190976163,0.33123808089167,Female,56.0,Secondary,3,1,,1,1,0,,0,1,1.0,,1,5.0,
2017,177331251,1.87219419991696,Male,20.0,Secondary,5,1,,1,1,0,,1,1,1.0,,4,1.0,
2017,124527648,0.546871680839914,Male,33.0,Secondary,3,0,,1,1,0,,0,0,1.0,,4,5.0,
2017,113360762,2.78220033334623,Female,39.0,Primary or less,1,1,,1,1,0,,1,0,0.0,,4,5.0,
2017,125337983,0.332660487133329,Female,40.0,Secondary,3,1,,1,1,1,,1,1,1.0,,4,1.0,
2017,155374418,0.290594591450477,Male,51.0,Secondary,5,1,,1,1,0,,1,0,1.0,,4,1.0,
2017,191361261,1.74998109442638,Male,42.0,Primary or less,4,1,,0,0,0,,1,0,1.0,,4,2.0,
2017,169322952,0.589718989408978,Female,30.0,Secondary,5,1,,0,0,0,,1,0,1.0,,4,2.0,
2017,128379610,0.776277168869699,Male,30.0,Primary or less,4,1,,1,1,0,,1,1,1.0,,4,1.0,
2017,129538738,0.78200989329422,Female,60.0,Primary or less,3,1,,0,0,0,,1,1,0.0,,4,5.0,
2017,174306678,0.433661738118135,Female,17.0,Secondary,4,1,,0,0,0,,1,1,0.0,,4,2.0,
2017,133928603,2.78220033334623,Female,30.0,Primary or less,2,0,,1,1,0,,1,1,1.0,,4,2.0,
2017,192154937,1.06033393698364,Female,28.0,Primary or less,2,1,,0,0,0,,0,0,0.0,,4,5.0,
2017,123825012,1.07887477647486,Male,68.0,Secondary,5,0,,0,0,0,,0,0,1.0,,4,5.0,
2017,175507967,2.78220033334623,Male,18.0,Primary or less,1,1,,0,0,0,,0,0,1.0,,4,5.0,
2017,147328140,0.98336950726426,Male,35.0,Secondary,4,1,,1,1,1,,1,1,1.0,,4,1.0,
2017,172251553,1.90134980069504,Female,27.0,Secondary,4,1,,1,0,1,,1,1,1.0,,4,1.0,
2017,164665308,2.11294156179777,Female,48.0,Primary or less,2,1,,0,0,0,,1,1,1.0,,4,2.0,
2017,111488903,0.78984226624094,Male,40.0,Secondary,1,1,,0,0,0,,1,0,1.0,,4,5.0,
2017,177265599,1.2038431522694,Male,30.0,Secondary,2,1,,1,1,0,,1,1,1.0,,4,2.0,
2017,198953331,1.18484823377402,Female,45.0,Primary or less,1,0,,0,0,0,,0,1,1.0,,4,5.0,
2017,170275187,0.583493937644501,Female,20.0,Secondary,2,0,,1,0,1,,1,1,1.0,,4,1.0,
2017,195018036,0.565535208447619,Male,40.0,Secondary,5,1,,1,0,1,,1,1,1.0,,4,1.0,
2017,157899213,0.741904026138019,Male,40.0,Primary or less,2,1,,0,0,0,,0,0,1.0,,4,5.0,
2017,129179078,2.11027716393227,Male,19.0,Secondary,4,1,,1,1,0,,1,1,1.0,,4,1.0,
2017,206022538,0.528235390449443,Female,48.0,Primary or less,2,1,,0,0,0,,1,1,1.0,,4,5.0,
2017,131267126,0.7648049874611,Female,18.0,Primary or less,2,1,,0,0,0,,0,1,1.0,,4,5.0,
2017,199961889,2.01287160838134,Female,24.0,Primary or less,3,1,,0,0,0,,1,0,1.0,,4,2.0,
2017,194402136,0.579888412924482,Male,26.0,Secondary,5,1,,1,1,1,,1,0,1.0,,4,1.0,
2017,202044836,1.39855166017191,Male,24.0,Tertiary+,5,1,,1,1,1,,1,1,1.0,,4,1.0,
2017,124667986,0.685259331623759,Female,24.0,Secondary,5,0,,0,0,0,,0,1,1.0,,4,5.0,
2017,147728122,0.950050976220076,Female,29.0,Primary or less,1,1,,1,0,1,,1,1,1.0,,4,1.0,
2017,166215529,0.394949411258007,Female,53.0,Primary or less,2,0,,0,0,0,,1,1,0.0,,4,5.0,
2017,203336181,0.604842465043686,Female,31.0,Secondary,5,1,,0,0,0,,1,1,1.0,,4,2.0,
2017,146799491,0.648477747805402,Female,18.0,Primary or less,4,1,,0,0,0,,0,0,1.0,,4,5.0,
2017,157354975,1.01781566014766,Male,45.0,Primary or less,3,1,,1,1,0,,1,1,1.0,,4,5.0,
2017,189724631,1.14720748119165,Female,22.0,Primary or less,1,1,,0,0,0,,1,1,0.0,,4,5.0,
2017,193921125,0.472188907345444,Male,65.0,Secondary,3,1,,1,1,0,,0,0,1.0,,4,1.0,
2017,170084930,0.290594591450477,Male,35.0,Secondary,5,1,,0,0,0,,0,0,1.0,,4,5.0,
2017,197970749,0.433772087267339,Male,23.0,Secondary,1,1,,0,0,0,,1,0,1.0,,4,2.0,
2017,112807154,1.87950676733078,Male,35.0,Primary or less,4,0,,1,1,0,,1,0,1.0,,4,1.0,
2017,165954790,0.34676546774175,Female,40.0,Primary or less,1,1,,0,0,0,,1,0,1.0,,4,3.0,
2017,209360373,0.290594591450477,Female,33.0,Secondary,4,1,,1,1,1,,1,1,1.0,,4,1.0,
2017,138312048,2.0865173515677,Female,27.0,Primary or less,5,0,,0,0,0,,0,0,1.0,,4,5.0,
2017,146301432,1.99314541744126,Male,45.0,Primary or less,4,1,,1,1,0,,1,1,1.0,,4,1.0,
2017,132502872,0.874990547213192,Male,42.0,Primary or less,5,1,,1,0,1,,1,0,1.0,,4,1.0,
2017,206517548,0.311827581061005,Male,20.0,Primary or less,1,0,,1,0,1,,0,0,0.0,,4,1.0,
2017,166271520,0.932585145037451,Male,22.0,Secondary,2,1,,0,0,0,,0,1,1.0,,4,5.0,
2017,140720885,0.378884507727156,Female,52.0,Secondary,4,0,,1,0,1,,0,0,1.0,,4,2.0,
2017,196898373,0.818149372114529,Male,18.0,Secondary,5,0,,0,0,0,,1,0,1.0,,4,5.0,
2017,188308379,0.589718989408978,Female,27.0,Secondary,2,1,,0,0,0,,1,1,1.0,,4,2.0,
2017,205191292,1.71017798809238,Male,29.0,Primary or less,2,1,,1,1,1,,1,1,1.0,,4,1.0,
2017,116545760,0.792271956729886,Male,55.0,Primary or less,1,0,,0,0,0,,0,0,0.0,,4,5.0,
2017,111667141,0.760539920278015,Female,34.0,Secondary,5,1,,0,0,0,,1,1,0.0,,4,2.0,
2017,145545725,1.73061999592096,Female,22.0,Primary or less,5,0,,0,0,0,,0,1,1.0,,4,5.0,
2017,178514502,0.884775845170487,Female,,,5,1,,0,0,0,,0,0,,,4,2.0,
2017,134427771,1.96038665522824,Female,42.0,Primary or less,2,1,,1,0,1,,0,1,1.0,,4,2.0,
2017,193580360,1.93362231978245,Male,50.0,Secondary,2,1,,1,1,0,,1,1,0.0,,4,5.0,
2017,151811257,0.7648049874611,Female,18.0,Primary or less,3,0,,0,0,0,,1,1,0.0,,4,3.0,
2017,146475798,2.78220033334623,Male,35.0,Primary or less,4,1,,0,0,0,,0,1,1.0,,4,2.0,
2017,148512096,0.53978821432027,Female,30.0,Secondary,4,1,,1,0,1,,1,0,1.0,,4,1.0,
2017,118038155,1.63629874422906,Male,20.0,Secondary,2,1,,1,1,0,,1,0,1.0,,4,2.0,
2017,156052098,1.14011865872826,Male,32.0,Primary or less,4,1,,0,0,0,,0,1,1.0,,4,3.0,
2017,200566354,0.558352040375885,Male,36.0,Secondary,3,1,,1,0,1,,1,1,1.0,,4,1.0,
2017,176837346,0.308410903003939,Female,,Tertiary+,4,1,,1,1,0,,1,1,1.0,,4,5.0,
2017,145046413,1.4497210323112,Male,32.0,Secondary,3,1,,1,0,1,,1,0,1.0,,4,1.0,
2017,189826193,0.700246833928521,Male,60.0,Primary or less,3,1,,1,1,0,,0,0,1.0,,4,3.0,
2017,152918904,0.878705082285889,Male,16.0,Primary or less,2,0,,0,0,0,,0,0,0.0,,4,5.0,
2017,123961382,0.997981461399987,Female,35.0,Secondary,5,0,,1,1,0,,1,1,1.0,,4,1.0,
2017,111209716,1.27240882618776,Male,60.0,,2,1,,0,0,0,,0,0,0.0,,5,5.0,
2017,209550365,0.290594591450477,Female,41.0,Secondary,5,0,,0,0,0,,0,0,1.0,,4,5.0,
2017,149650374,0.916517964785452,Female,18.0,Secondary,1,0,,0,0,0,,1,1,1.0,,4,2.0,
2017,178616875,2.2327873659469,Female,50.0,Primary or less,5,1,,1,1,0,,1,1,1.0,,4,1.0,
2017,138612910,0.393347802905704,Male,35.0,Tertiary+,2,1,,1,1,1,,1,0,1.0,,4,1.0,
2017,191587521,0.733695893503116,Female,22.0,Secondary,2,1,,0,0,0,,0,1,1.0,,4,5.0,
2017,199723191,1.06033393698364,Female,25.0,Primary or less,3,1,,0,0,0,,0,1,1.0,,4,5.0,
2017,128166183,0.433661738118135,Female,23.0,Secondary,2,1,,1,1,1,,1,1,1.0,,4,1.0,
2017,144096355,1.31805762342883,Male,15.0,Secondary,1,0,,0,0,0,,0,0,0.0,,4,5.0,
2017,166041069,2.19975403187099,Male,15.0,Primary or less,1,1,,0,0,0,,0,0,0.0,,4,5.0,
2017,146265114,1.97474705629003,Female,46.0,Primary or less,4,0,,0,0,0,,0,1,0.0,,4,5.0,
2017,138882067,1.30692443681883,Female,35.0,Primary or less,2,1,,1,1,0,,0,0,1.0,,4,5.0,
2017,193089575,1.60638141184422,Male,34.0,Primary or less,4,1,,1,1,0,,0,0,1.0,,4,5.0,
2017,207318365,0.380269960139007,Female,30.0,Secondary,5,0,,0,0,0,,1,1,1.0,,4,2.0,
2017,200852327,1.12461963764616,Male,74.0,Primary or less,3,0,,0,0,0,,0,0,0.0,,4,5.0,
2017,152529844,1.10882535168874,Male,65.0,Secondary,3,1,,1,1,0,,1,0,1.0,,4,1.0,
2017,149567222,0.339543966413068,Male,37.0,Secondary,5,1,,1,1,1,,1,1,1.0,,4,1.0,
2017,117548175,0.290594591450477,Male,30.0,Secondary,5,1,,1,1,1,,0,0,1.0,,4,1.0,
2017,196401976,0.290594591450477,Male,30.0,Tertiary+,5,1,,1,1,1,,1,1,1.0,,4,5.0,
2017,186619964,0.896969442915166,Female,28.0,Primary or less,4,1,,0,0,0,,0,0,1.0,,3,5.0,
2017,140755225,0.316683658740025,Female,28.0,Secondary,3,0,,1,1,0,,1,1,1.0,,4,1.0,
2017,208096004,0.498688390037037,Male,43.0,Primary or less,3,1,,0,0,0,,0,1,0.0,,4,5.0,
2017,150820954,0.290594591450477,Female,24.0,Secondary,5,0,,1,0,1,,0,0,1.0,,4,1.0,
2017,130135068,2.17951696746397,Male,54.0,Secondary,4,1,,1,1,0,,0,1,1.0,,4,1.0,
2017,152366255,0.562309818823082,Male,58.0,Primary or less,4,0,,0,0,0,,0,0,0.0,,4,3.0,
2017,137988897,0.997376780074074,Male,40.0,Primary or less,3,1,,0,0,0,,0,1,0.0,,4,3.0,
2017,159997461,2.05452236206256,Male,18.0,Primary or less,4,1,,0,0,0,,0,0,1.0,,4,5.0,
2017,112881368,0.463790518546402,Female,37.0,Primary or less,2,0,,0,0,0,,1,1,1.0,,4,5.0,
2017,204424783,1.14011865872826,Male,33.0,Primary or less,3,1,,1,0,1,,1,1,1.0,,4,5.0,
2017,191405742,2.78220033334623,Male,65.0,Primary or less,2,1,,0,0,0,,0,0,0.0,,4,5.0,
2017,149187422,0.589718989408978,Female,25.0,Secondary,4,1,,0,0,0,,1,0,1.0,,4,2.0,
2017,199293485,0.527569290983068,Male,21.0,Secondary,5,1,,1,1,1,,0,1,1.0,,4,1.0,
2017,178580843,1.00944015775025,Female,19.0,Primary or less,2,1,,1,1,0,,0,0,0.0,,4,1.0,
2017,128919190,0.290594591450477,Male,65.0,Secondary,5,0,,0,0,0,,0,0,1.0,,4,5.0,
2017,145478783,0.872553331758419,Female,60.0,Secondary,5,0,,1,1,0,,0,0,1.0,,4,5.0,
2017,139170582,0.916517964785452,Female,23.0,Secondary,1,1,,0,0,0,,1,1,1.0,,4,2.0,
2017,171055587,1.40526383622488,Male,36.0,Primary or less,3,0,,1,1,1,,1,0,1.0,,4,5.0,
2017,167223470,1.14011865872826,Male,32.0,Primary or less,3,1,,0,0,0,,1,0,1.0,,4,5.0,
2017,130184115,2.2104879258222,Female,70.0,Primary or less,4,1,,0,0,0,,1,1,1.0,,4,3.0,
2017,200475934,0.781653221452664,Female,25.0,Secondary,1,0,,0,0,0,,1,1,1.0,,4,2.0,
2017,184634966,0.290594591450477,Male,38.0,Secondary,5,1,,1,0,1,,1,1,1.0,,4,1.0,
2017,176376505,0.452438387597322,Female,20.0,Secondary,4,1,,0,0,0,,0,1,1.0,,4,3.0,
2017,146309870,1.60638141184422,Male,30.0,Primary or less,1,1,,1,0,1,,0,0,1.0,,4,5.0,
2017,164236341,0.34676546774175,Female,35.0,Primary or less,1,0,,0,0,0,,0,1,0.0,,4,3.0,
2017,154454340,0.366147181776716,Female,40.0,Secondary,3,1,,0,0,0,,0,1,1.0,,4,5.0,
2017,150702969,0.733695893503116,Female,15.0,Secondary,5,0,,0,0,0,,0,0,0.0,,4,5.0,
2017,134140717,0.733695893503116,Female,17.0,Secondary,3,1,,0,0,0,,0,0,1.0,,4,5.0,
2017,111622121,0.916517964785452,Female,16.0,Secondary,2,1,,0,0,0,,0,0,1.0,,4,5.0,
2017,137219000,0.601921576134699,Male,28.0,Secondary,4,1,,0,0,0,,1,1,1.0,,4,2.0,
2017,116012696,0.634256436601169,Male,42.0,Secondary,4,1,,0,0,0,,1,1,1.0,,4,2.0,
2017,208180748,0.530166968491822,Female,30.0,Primary or less,1,1,,0,0,0,,0,1,0.0,,4,2.0,
2017,197482760,1.16441575330455,Male,29.0,Primary or less,5,1,,0,0,0,,1,1,1.0,,4,5.0,
2017,152347404,0.605664094650153,Female,17.0,Secondary,5,0,,0,0,0,,0,0,1.0,,4,5.0,
2017,121284665,0.650492607177202,Female,20.0,Secondary,2,0,,0,0,0,,0,1,0.0,,4,5.0,
2017,165181565,0.526561510827293,Male,35.0,Secondary,3,1,,0,0,0,,1,1,1.0,,4,5.0,
2017,148506930,0.932585145037451,Male,19.0,Secondary,4,0,,0,0,0,,0,0,1.0,,4,5.0,
2017,191175385,1.14011865872826,Male,30.0,Primary or less,4,1,,0,0,0,,0,0,1.0,,4,5.0,
2017,194623250,1.73061999592096,Female,20.0,Primary or less,1,1,,1,1,0,,1,0,1.0,,4,2.0,
2017,146099143,0.570059329364129,Male,30.0,Primary or less,4,0,,0,0,0,,0,0,1.0,,4,5.0,
2017,207378733,0.485925827426225,Female,17.0,Secondary,3,0,,0,0,0,,1,0,1.0,,4,5.0,
2017,164880645,0.290594591450477,Male,25.0,Secondary,5,1,,1,1,0,,1,1,1.0,,4,1.0,
2017,192587944,0.319130940327417,Male,30.0,Secondary,4,1,,0,0,0,,1,1,1.0,,4,2.0,
2017,147140229,2.04537343028632,Male,16.0,Secondary,3,0,,0,0,0,,0,0,0.0,,4,2.0,
2017,192488734,0.403228310029124,Female,29.0,Secondary,4,0,,0,0,0,,1,1,1.0,,4,5.0,
2017,157875408,0.913679108831678,Female,15.0,Secondary,3,0,,0,0,0,,0,1,0.0,,4,5.0,
2017,119465662,1.3910115677118,Female,27.0,Primary or less,4,1,,1,1,1,,1,1,1.0,,4,1.0,
2017,111664917,0.396393607584927,Female,33.0,Primary or less,2,0,,0,0,0,,1,1,1.0,,4,5.0,
2017,117586585,1.19089558105771,Male,65.0,Secondary,3,1,,1,1,0,,1,1,1.0,,4,2.0,
2017,131864486,0.290594591450477,Male,25.0,Secondary,5,1,,0,0,0,,0,1,1.0,,4,5.0,
2017,179804540,2.73435840419957,Male,28.0,Primary or less,3,1,,1,1,0,,1,1,1.0,,4,1.0,
2017,149483400,0.733695893503116,Female,17.0,Secondary,2,0,,0,0,0,,0,0,1.0,,4,5.0,
2017,161194349,0.635936476193164,Male,49.0,Secondary,4,1,,1,1,1,,1,1,1.0,,4,1.0,
2017,168011449,0.601921576134699,Male,26.0,Secondary,4,1,,0,0,0,,1,1,1.0,,4,2.0,
2017,115303546,0.792787215169855,Female,30.0,Primary or less,2,1,,0,0,0,,0,0,0.0,,4,5.0,
2017,155277524,0.424041666140829,Male,32.0,Secondary,4,0,,1,1,0,,1,1,1.0,,4,1.0,
2017,126035541,0.983119343660687,Female,39.0,Primary or less,1,1,,0,0,0,,0,0,1.0,,4,5.0,
2017,196726463,0.439352541142944,Male,18.0,Primary or less,5,0,,0,0,0,,0,0,1.0,,4,2.0,
2017,170717786,1.18918082275478,Female,30.0,Primary or less,4,0,,0,0,0,,0,0,0.0,,4,5.0,
2017,157628537,0.290594591450477,Female,49.0,Primary or less,5,1,,1,1,0,,0,0,0.0,,4,5.0,
2017,195516731,0.902676321747067,Male,25.0,Secondary,4,1,,0,0,0,,0,0,1.0,,4,5.0,
2017,136832868,0.94710825390163,Female,27.0,Secondary,4,1,,0,0,0,,0,0,0.0,,4,6.0,
2017,143180107,1.16469483026815,Male,23.0,Secondary,1,0,,1,1,1,,0,0,1.0,,4,1.0,
2017,194608752,0.290594591450477,Male,18.0,Secondary,5,1,,1,0,1,,0,1,1.0,,4,1.0,
2017,174366390,2.35400891289016,Female,37.0,Primary or less,3,0,,0,0,0,,1,1,1.0,,4,2.0,
2017,205282683,0.290594591450477,Male,34.0,Secondary,4,1,,1,0,1,,0,1,1.0,,4,1.0,
2017,153321643,2.12020833070415,Male,27.0,Secondary,5,1,,1,1,1,,1,1,1.0,,4,1.0,
2017,117221516,0.424041666140829,Male,33.0,Secondary,4,1,,1,1,1,,1,1,1.0,,4,1.0,
2017,194481902,1.22722405817179,Male,24.0,Secondary,4,1,,0,0,0,,1,0,1.0,,4,2.0,
2017,188717320,2.7545513505308,Female,80.0,Primary or less,1,0,,0,0,0,,1,0,1.0,,4,5.0,
2017,205502737,1.05513858196614,Male,22.0,Secondary,5,1,,1,1,1,,1,1,1.0,,4,1.0,
2017,208807794,2.10789575433732,Male,43.0,Primary or less,3,1,,1,0,1,,0,0,1.0,,4,1.0,
2017,136399237,2.78220033334623,Male,23.0,Primary or less,3,1,,0,0,0,,1,1,1.0,,4,2.0,
2017,148012011,0.693530935483499,Female,35.0,Primary or less,3,1,,0,0,0,,1,1,0.0,,4,5.0,
2017,115555803,0.915529719274018,Male,25.0,Primary or less,5,1,,0,0,0,,0,1,0.0,,4,5.0,
2017,157830980,0.781653221452664,Female,29.0,Secondary,4,1,,1,0,1,,1,1,1.0,,4,1.0,
2017,182211771,0.611011976523634,Female,23.0,Secondary,3,0,,0,0,0,,1,0,1.0,,4,2.0,
2017,144754310,0.665320974266658,Female,38.0,Secondary,5,1,,0,0,0,,1,1,1.0,,4,2.0,
2017,160596002,0.290594591450477,Male,34.0,Tertiary+,5,1,,1,1,1,,1,0,1.0,,4,1.0,
2017,146422375,0.588044516509627,Female,35.0,Secondary,3,1,,0,0,0,,0,0,1.0,,4,5.0,
2017,154934929,1.21685811194224,Female,36.0,Primary or less,2,1,,0,0,0,,1,0,0.0,,4,3.0,
2017,156724816,0.424041666140829,Male,26.0,Secondary,5,1,,0,0,0,,1,1,1.0,,4,5.0,
2017,161591663,0.741904026138019,Male,37.0,Secondary,5,1,,0,0,0,,1,1,1.0,,4,5.0,
2017,185757595,0.290594591450477,Male,27.0,Tertiary+,5,1,,1,1,1,,1,1,1.0,,4,1.0,
2017,190463876,0.781653221452664,Female,25.0,Secondary,4,1,,1,0,1,,1,0,1.0,,4,2.0,
2017,122656017,0.671606121508526,Female,30.0,Secondary,4,0,,0,0,0,,0,0,1.0,,4,2.0,
2017,204618555,1.81507213267686,Male,45.0,Secondary,5,1,,1,1,0,,0,0,1.0,,4,1.0,
2017,161926096,0.699438858778089,Male,18.0,Secondary,1,1,,0,0,0,,1,0,1.0,,4,5.0,
2017,190856127,1.22202395304727,Female,21.0,Secondary,4,0,,0,0,0,,0,1,1.0,,4,5.0,
2017,152243879,1.86305638573714,Male,38.0,Primary or less,4,1,,0,0,0,,1,0,1.0,,4,2.0,
2017,175359300,0.792787215169855,Female,34.0,Primary or less,4,1,,0,0,0,,1,1,1.0,,4,5.0,
2017,154653625,0.570059329364129,Male,26.0,Primary or less,3,1,,0,0,0,,0,0,0.0,,4,5.0,
2017,204717002,1.40049366785704,Male,55.0,Primary or less,2,1,,1,1,0,,1,1,1.0,,4,2.0,
2017,201380936,1.71017798809238,Male,33.0,Primary or less,2,1,,0,0,0,,1,1,1.0,,4,5.0,
2017,184159433,0.388995958429668,Female,22.0,Secondary,3,1,,1,1,1,,1,1,1.0,,4,1.0,
2017,154576140,1.12461963764616,Male,60.0,Primary or less,2,1,,0,0,0,,1,1,1.0,,4,3.0,
2017,200275290,1.08975848373198,Male,46.0,Secondary,5,1,,1,0,1,,1,0,1.0,,4,1.0,
2017,147041347,0.396393607584927,Female,31.0,Primary or less,4,0,,0,0,0,,0,1,1.0,,4,3.0,
2017,194454974,0.760539920278015,Female,34.0,Secondary,2,1,,0,0,0,,0,0,1.0,,4,2.0,
2017,195524723,0.91536795444179,Female,43.0,Secondary,2,0,,0,0,0,,1,0,1.0,,4,2.0,
2017,164672658,1.16441575330455,Male,25.0,Secondary,3,1,,0,0,0,,0,1,1.0,,4,5.0,
2017,162864377,0.290594591450477,Female,28.0,Secondary,5,1,,0,0,0,,0,0,1.0,,4,2.0,
2017,189818926,0.290594591450477,Male,31.0,Secondary,5,1,,1,1,0,,1,0,1.0,,4,2.0,
2017,130693701,0.562309818823082,Male,59.0,Primary or less,3,0,,0,0,0,,0,1,0.0,,4,5.0,
2017,138347531,1.82170923715756,Male,29.0,Secondary,2,1,,1,1,0,,1,0,1.0,,4,5.0,
2017,185095769,0.87101421670183,Male,16.0,Primary or less,2,0,,0,0,0,,0,0,1.0,,4,5.0,
2017,115697024,0.884578484113468,Female,34.0,Primary or less,1,1,,1,1,0,,1,0,1.0,,4,5.0,
2017,151802040,0.396393607584927,Female,27.0,Primary or less,3,0,,0,0,0,,0,1,1.0,,4,5.0,
2017,154822512,2.19676270571472,Male,15.0,Secondary,2,1,,0,0,0,,1,0,0.0,,4,2.0,
2017,196065559,2.77188728177535,Female,48.0,Primary or less,4,1,,0,0,0,,1,0,1.0,,4,5.0,
2017,195314622,1.88389153864679,Female,,Primary or less,2,0,,1,1,0,,1,1,0.0,,4,5.0,
2017,200791585,1.18051798161345,Female,36.0,Primary or less,1,1,,1,1,0,,1,1,1.0,,4,2.0,
2017,170201146,1.34191440558756,Female,18.0,Primary or less,2,0,,0,0,0,,0,0,1.0,,4,2.0,
2017,204242763,0.380269960139007,Female,33.0,Secondary,5,1,,1,1,0,,1,1,1.0,,4,1.0,
2017,192507041,0.848083332281659,Male,26.0,Secondary,2,1,,0,0,0,,0,1,0.0,,4,5.0,
2017,156496409,2.78220033334623,Female,30.0,Primary or less,5,1,,0,0,0,,1,0,1.0,,4,2.0,
2017,190585975,0.290594591450477,Female,55.0,Secondary,3,0,,0,0,0,,0,1,1.0,,4,3.0,
2017,162084435,0.605664094650153,Female,17.0,Secondary,3,1,,0,0,0,,0,0,1.0,,4,5.0,
2017,120970382,2.01287160838134,Female,16.0,Primary or less,3,0,,0,0,0,,0,1,0.0,,4,5.0,
2017,119450754,0.520735842588499,Female,24.0,Secondary,4,1,,0,0,0,,1,1,1.0,,4,2.0,
2017,142540765,0.878705082285889,Male,20.0,Secondary,4,0,,0,0,0,,0,0,1.0,,4,2.0,
2017,198787792,1.90985451643631,Female,29.0,Primary or less,4,1,,0,0,0,,1,1,1.0,,4,5.0,
2017,163413975,2.40271854990126,Male,35.0,Primary or less,4,1,,1,1,0,,1,1,1.0,,4,1.0,
2017,192167358,0.290594591450477,Female,32.0,Secondary,3,1,,1,1,0,,1,1,1.0,,4,1.0,
2017,184049655,0.294859494704489,Female,28.0,Secondary,4,1,,0,0,0,,1,0,1.0,,4,2.0,
2017,204891436,2.16185524619098,Female,20.0,Primary or less,1,0,,0,0,0,,1,0,1.0,,4,5.0,
2017,201900452,0.544879241865992,Male,45.0,Secondary,5,0,,0,0,0,,0,1,0.0,,4,5.0,
2017,116586170,0.380269960139007,Female,28.0,Secondary,3,1,,0,0,0,,1,1,1.0,,4,5.0,
2017,181946511,0.710331190426223,Female,30.0,Secondary,2,1,,0,0,0,,1,1,1.0,,4,2.0,
2017,202830859,0.290594591450477,Female,28.0,Secondary,4,1,,1,1,0,,1,0,1.0,,4,1.0,
2017,133600569,0.736829308607399,Female,65.0,Primary or less,4,1,,0,0,0,,1,0,1.0,,4,2.0,
2017,185818582,1.00944015775025,Female,24.0,Secondary,3,1,,0,0,0,,0,0,0.0,,4,5.0,
2017,167409024,2.38103734416061,Female,15.0,Primary or less,1,0,,0,0,0,,1,0,0.0,,4,2.0,
2017,132306425,0.290594591450477,Female,30.0,Secondary,4,1,,0,0,0,,1,1,1.0,,4,2.0,
2017,140657209,0.530166968491822,Female,25.0,Primary or less,4,1,,1,1,0,,1,1,0.0,,4,5.0,
2017,121454888,1.75741016457178,Male,18.0,Secondary,1,1,,0,0,0,,0,0,1.0,,4,5.0,
2017,159493525,0.449642681103175,Male,32.0,Secondary,2,1,,1,1,1,,1,1,1.0,,4,5.0,
2017,146747522,0.290594591450477,Female,30.0,Tertiary+,4,1,,0,0,0,,1,1,1.0,,4,2.0,
2017,134589002,1.22722405817179,Male,23.0,Secondary,4,1,,1,0,1,,1,1,1.0,,4,2.0,
2017,178518246,2.64117695224722,Female,45.0,Primary or less,2,1,,1,1,0,,1,1,0.0,,4,5.0,
2017,162500143,0.503704591131394,Female,30.0,Secondary,4,1,,1,1,1,,1,1,1.0,,4,1.0,
2017,128738467,0.456839554415839,Female,20.0,Secondary,4,0,,0,0,0,,0,0,1.0,,4,5.0,
2017,208122781,0.648477747805402,Female,17.0,Secondary,4,0,,0,0,0,,0,0,0.0,,4,5.0,
2017,145407654,0.672203864005807,Female,25.0,Primary or less,3,1,,0,0,0,,0,0,1.0,,4,4.0,
2017,189716193,0.956807630458774,Male,42.0,Secondary,5,0,,1,1,1,,1,1,1.0,,4,1.0,
2017,157016501,0.853356390599479,Female,18.0,Secondary,3,0,,0,0,0,,0,0,1.0,,4,5.0,
2017,168977401,0.807552126200204,Female,18.0,Secondary,1,1,,1,0,1,,1,1,1.0,,4,1.0,
2017,132033843,2.78220033334623,Female,,,4,1,,0,0,0,,0,0,1.0,,4,2.0,
2017,115184380,0.762440717323398,Male,29.0,Primary or less,2,1,,1,1,0,,1,1,0.0,,4,5.0,
2017,139034861,0.86732347623627,Female,17.0,Secondary,2,1,,0,0,0,,0,0,0.0,,4,2.0,
2017,128781088,0.87101421670183,Male,16.0,Secondary,5,1,,0,0,0,,0,0,1.0,,4,3.0,
2017,120476567,1.04029640322525,Female,41.0,Primary or less,1,1,,0,0,0,,0,0,0.0,,4,6.0,
2017,141631890,0.992612857196085,Male,19.0,Secondary,1,1,,0,0,0,,1,1,1.0,,4,2.0,
2017,127238573,0.290594591450477,Male,35.0,Secondary,5,1,,0,0,0,,1,0,1.0,,4,2.0,
2017,176630547,1.22202395304727,Female,17.0,Primary or less,2,1,,1,1,1,,1,1,0.0,,4,1.0,
2017,205940499,0.593738923279351,Male,82.0,Secondary,5,0,,1,1,0,,1,0,1.0,,1,1.0,
2017,205971963,1.76643034113413,Male,24.0,Primary or less,3,1,,1,1,0,,0,1,1.0,,4,1.0,
2017,178410272,1.54968255294082,Male,21.0,Primary or less,1,1,,0,0,0,,1,1,1.0,,4,5.0,
2017,199383530,1.28994461389941,Male,34.0,,3,0,,1,1,0,,1,1,1.0,,2,1.0,
2017,160968483,0.42283762440078,Male,36.0,Secondary,1,1,,0,0,0,,0,0,1.0,,4,3.0,
2017,210866137,1.39137155563921,Female,40.0,Primary or less,2,1,,1,0,1,,1,1,1.0,,4,1.0,
2017,170902337,0.648477747805402,Female,19.0,Secondary,1,0,,0,0,0,,0,0,0.0,,4,5.0,
2017,132860380,0.290594591450477,Female,62.0,Secondary,5,0,,0,0,0,,1,0,1.0,,4,3.0,
2017,201660352,0.741904026138019,Male,35.0,Secondary,5,1,,1,1,1,,0,0,1.0,,4,1.0,
2017,135165326,0.853356390599479,Female,23.0,Secondary,3,1,,0,0,0,,0,0,1.0,,4,2.0,
2017,143609299,0.648477747805402,Female,17.0,Secondary,2,0,,0,0,0,,0,0,0.0,,4,5.0,
2017,189877558,0.290594591450477,Female,44.0,Primary or less,1,1,,0,0,0,,0,0,1.0,,4,5.0,
2017,188207226,2.0865173515677,Female,30.0,Primary or less,3,1,,0,0,0,,1,1,1.0,,4,5.0,
2017,195140142,1.15977682584896,Male,29.0,Secondary,3,1,,1,1,0,,1,1,1.0,,4,1.0,
2017,137137407,0.648477747805402,Female,16.0,Secondary,2,1,,0,0,0,,1,0,1.0,,4,5.0,
2017,183863360,2.0865173515677,Female,25.0,Primary or less,4,0,,1,0,1,,0,0,1.0,,4,1.0,
2017,152776338,1.17301483994133,Female,57.0,Primary or less,3,0,,0,0,0,,0,1,0.0,,4,5.0,
2017,192958499,0.693530935483499,Female,40.0,Primary or less,3,0,,0,0,0,,0,0,1.0,,4,3.0,
2017,176700625,0.290594591450477,Female,20.0,Secondary,5,1,,0,0,0,,1,1,0.0,,4,6.0,
2017,119931597,1.1378085207993,Female,20.0,Secondary,4,0,,0,0,0,,1,1,1.0,,4,2.0,
2017,161293764,1.00944015775025,Female,16.0,Secondary,2,0,,1,0,1,,1,1,1.0,,4,1.0,
2017,158280003,0.546871680839914,Male,32.0,Secondary,5,1,,1,1,1,,1,1,1.0,,4,1.0,
2017,168439377,0.760539920278015,Female,32.0,Secondary,1,0,,0,0,0,,0,1,1.0,,4,2.0,
2017,192393752,0.674464021654762,Male,26.0,Secondary,4,1,,0,0,0,,1,1,1.0,,4,5.0,
2017,154844010,0.840254830007258,Female,30.0,Secondary,1,1,,0,0,0,,1,1,1.0,,4,5.0,
2017,208719825,2.74969253983874,Male,17.0,Primary or less,3,1,,1,1,1,,1,1,1.0,,4,1.0,
2017,157782324,0.507286880762063,Male,38.0,Tertiary+,5,1,,1,1,1,,1,1,1.0,,4,1.0,
2017,124234573,1.5525543377394,Male,33.0,Secondary,3,1,,0,0,0,,0,1,1.0,,4,2.0,
2017,139700516,0.792787215169855,Female,25.0,Primary or less,1,0,,0,0,0,,0,1,1.0,,4,5.0,
2017,122995818,0.29788061745408,Male,37.0,Primary or less,5,1,,1,0,1,,0,0,1.0,,4,1.0,
2017,130601992,1.60638141184422,Male,28.0,Primary or less,4,1,,1,0,1,,1,0,1.0,,4,1.0,
2017,189123641,1.42226065099913,Female,24.0,Secondary,4,0,,0,0,0,,0,0,1.0,,4,4.0,
2017,143385858,0.456839554415839,Female,18.0,Primary or less,4,1,,0,0,0,,1,0,1.0,,4,5.0,
2017,171666334,0.596620104989063,Female,59.0,Secondary,5,1,,1,1,0,,1,0,1.0,,4,1.0,
2017,154309532,0.424041666140829,Male,25.0,Secondary,5,1,,1,1,1,,1,1,1.0,,4,1.0,
2017,190498304,2.31895259273201,Female,44.0,Primary or less,1,1,,0,0,0,,0,0,0.0,,4,5.0,
2017,145380582,0.950050976220076,Female,33.0,Secondary,1,1,,0,0,0,,0,1,1.0,,4,5.0,
2017,145157607,0.665320974266658,Female,37.0,Secondary,5,1,,0,0,0,,1,1,1.0,,4,2.0,
2017,210299606,1.73382733870875,Female,35.0,Primary or less,2,0,,0,0,0,,1,0,1.0,,4,3.0,
2017,145495002,0.810597184756754,Female,16.0,Primary or less,2,0,,0,0,0,,0,0,0.0,,4,5.0,
2017,125286051,0.665320974266658,Female,35.0,Secondary,1,0,,1,0,1,,0,0,1.0,,4,5.0,
2017,210389339,0.290594591450477,Male,23.0,Secondary,5,1,,0,0,0,,0,0,1.0,,4,5.0,
2017,155275363,1.83423973375779,Female,16.0,Primary or less,1,0,,0,0,0,,0,0,0.0,,4,5.0,
2017,154663775,1.75741016457178,Male,24.0,Secondary,3,1,,0,0,0,,0,0,1.0,,4,3.0,
2017,208167400,0.483353006429382,Male,33.0,Secondary,3,1,,0,0,0,,0,1,1.0,,4,5.0,
2017,152289272,0.760539920278015,Female,25.0,Secondary,4,0,,0,0,0,,1,0,1.0,,4,5.0,
2017,120357535,0.792787215169855,Female,28.0,Primary or less,2,0,,0,0,0,,0,1,0.0,,4,5.0,
2017,168624059,1.24731032424402,Male,22.0,Secondary,3,0,,1,1,0,,0,0,1.0,,4,5.0,
2017,137536704,0.472207192645379,Female,42.0,Secondary,5,1,,0,0,0,,1,1,1.0,,4,4.0,
2017,159483820,0.621018795245714,Male,41.0,Primary or less,4,1,,0,0,0,,1,1,0.0,,4,5.0,
2017,180767765,1.7273141088671,Female,40.0,Primary or less,2,0,,0,0,0,,1,1,0.0,,4,5.0,
2017,132013334,0.403776063100102,Female,18.0,Secondary,1,1,,0,0,0,,1,1,0.0,,4,5.0,
2017,177858508,0.34676546774175,Female,37.0,Primary or less,2,1,,0,0,0,,0,1,0.0,,4,5.0,
2017,203088759,2.18748672335965,Male,27.0,Secondary,2,1,,1,1,0,,1,1,1.0,,4,1.0,
2017,203981730,0.893641852362239,Male,43.0,Secondary,5,1,,1,1,1,,1,1,1.0,,4,1.0,
2017,179247042,0.985481267990066,Male,17.0,Secondary,4,1,,0,0,0,,0,1,1.0,,4,3.0,
2017,202172455,0.579888412924482,Male,25.0,Secondary,5,1,,1,1,1,,1,1,1.0,,4,1.0,
2017,197951749,2.01287160838134,Female,19.0,Primary or less,5,1,,1,0,1,,1,0,1.0,,4,1.0,
2017,175815699,1.68692945646925,Male,60.0,Primary or less,2,1,,0,0,0,,0,1,1.0,,4,5.0,
2017,201868353,0.665320974266658,Female,43.0,Secondary,4,1,,1,1,0,,1,1,1.0,,4,3.0,
2017,174037119,1.09374336167983,Male,29.0,Secondary,4,1,,1,1,0,,1,1,1.0,,4,1.0,
2017,156543396,1.18918082275478,Female,31.0,Primary or less,4,1,,0,0,0,,1,1,0.0,,4,2.0,
2017,145998314,0.335803060754263,Female,30.0,Secondary,5,0,,1,1,1,,1,1,1.0,,4,2.0,
2017,195004218,2.74969253983874,Male,17.0,Primary or less,2,0,,0,0,0,,0,0,1.0,,4,5.0,
2017,183538383,2.73435840419957,Male,32.0,Secondary,3,1,,0,0,0,,1,1,0.0,,4,5.0,
2017,124208059,1.22202395304727,Female,24.0,Secondary,4,1,,1,0,1,,1,1,1.0,,4,1.0,
2017,116787417,0.916517964785452,Female,17.0,Secondary,3,1,,1,1,1,,1,0,1.0,,4,1.0,
2017,112294118,0.473554126950815,Female,26.0,Secondary,5,0,,0,0,0,,1,0,1.0,,4,5.0,
2017,122453387,0.839130996103145,Male,23.0,Tertiary+,5,1,,1,1,1,,1,1,1.0,,4,1.0,
2017,151372804,0.572005283683177,Male,56.0,Secondary,4,0,,1,1,1,,0,0,1.0,,4,1.0,
2017,148356050,1.07757951870875,Female,20.0,Primary or less,4,0,,0,0,0,,1,1,1.0,,4,3.0,
2017,122686805,2.10789575433732,Male,43.0,Primary or less,2,1,,1,1,0,,0,1,1.0,,4,2.0,
2017,174389199,1.7273141088671,Female,35.0,Primary or less,1,1,,0,0,0,,1,0,0.0,,4,4.0,
2017,154272159,1.16573143129681,Male,15.0,Primary or less,1,1,,0,0,0,,0,0,0.0,,2,5.0,
2017,204017390,0.781653221452664,Female,29.0,Secondary,5,1,,1,1,1,,1,1,1.0,,4,1.0,
2017,141609086,0.665295211013245,Male,58.0,Secondary,4,1,,1,1,1,,1,1,1.0,,4,1.0,
2017,154513054,0.634256436601169,Male,43.0,Secondary,2,1,,0,0,0,,1,1,0.0,,4,5.0,
2017,197735955,0.485925827426225,Female,20.0,Secondary,2,1,,0,0,0,,1,0,1.0,,4,2.0,
2017,139896503,0.596620104989063,Female,63.0,Secondary,5,1,,1,1,0,,1,0,1.0,,4,5.0,
2017,134594388,0.848083332281659,Male,31.0,Secondary,5,1,,0,0,0,,1,0,1.0,,4,5.0,
2017,156968419,0.87101421670183,Male,18.0,Secondary,2,0,,0,0,0,,0,0,0.0,,4,5.0,
2017,202258716,1.09987701593549,Male,19.0,Primary or less,3,1,,1,0,1,,1,1,0.0,,4,5.0,
2017,204244243,2.04581675350456,Female,20.0,Primary or less,2,0,,1,1,0,,1,1,1.0,,4,1.0,
2017,193413173,0.473554126950815,Female,26.0,Secondary,5,0,,0,0,0,,0,1,1.0,,4,2.0,
2017,136746470,0.335803060754263,Female,30.0,Secondary,4,1,,0,0,0,,1,1,1.0,,4,3.0,
2017,170547544,1.00944015775025,Female,15.0,Secondary,5,0,,0,0,0,,1,1,1.0,,4,2.0,
2017,206432036,1.74998109442638,Male,35.0,Primary or less,3,1,,1,1,0,,1,1,1.0,,4,2.0,
2017,210920880,1.05647078089889,Female,45.0,Primary or less,4,1,,0,0,0,,0,0,1.0,,4,5.0,
2017,198789318,0.315864808049873,Male,43.0,Secondary,5,1,,1,1,1,,1,1,1.0,,5,1.0,
2017,116303314,0.952414937664244,Female,17.0,Primary or less,3,0,,0,0,0,,0,0,0.0,,4,5.0,
2017,150035828,0.760539920278015,Female,28.0,Secondary,5,0,,1,1,1,,1,0,1.0,,4,1.0,
2017,163168841,0.792787215169855,Female,25.0,Primary or less,1,0,,0,0,0,,0,1,0.0,,4,5.0,
2017,124519284,1.09374336167983,Male,29.0,Secondary,5,1,,1,1,1,,1,1,1.0,,4,1.0,
2017,194782364,2.74969253983874,Male,20.0,Primary or less,3,1,,0,0,0,,0,0,1.0,,4,5.0,
2017,177923619,0.29085111058614,Female,64.0,Secondary,5,0,,1,1,0,,0,0,1.0,,4,2.0,
2017,133332378,0.294859494704489,Female,27.0,Secondary,5,1,,1,0,1,,1,0,1.0,,4,1.0,
2017,201094022,1.15977682584896,Male,27.0,Tertiary+,4,1,,1,1,0,,0,1,1.0,,4,1.0,
2017,203003870,2.12969199812732,Male,33.0,Primary or less,4,1,,0,0,0,,0,1,0.0,,4,5.0,
2017,176788466,0.290594591450477,Female,40.0,Secondary,5,1,,1,1,1,,1,1,1.0,,4,1.0,
2017,133326470,0.792787215169855,Female,34.0,Primary or less,1,0,,0,0,0,,0,1,1.0,,4,5.0,
2017,119255444,1.00944015775025,Female,18.0,Primary or less,2,1,,0,0,0,,0,1,0.0,,4,2.0,
2017,189198752,0.695505783855902,Female,27.0,Primary or less,4,1,,0,0,0,,1,1,1.0,,4,2.0,
2017,135573887,0.296869461639676,Male,78.0,Secondary,5,0,,1,1,0,,0,0,1.0,,1,2.0,
2017,119948524,0.752075932341435,Male,65.0,Primary or less,3,1,,0,0,0,,1,1,1.0,,4,5.0,
2017,199776563,0.449642681103175,Male,27.0,Secondary,3,1,,0,0,0,,1,1,1.0,,4,3.0,
2017,154898791,0.311827581061005,Male,23.0,Secondary,5,0,,0,0,0,,0,0,1.0,,4,2.0,
2017,124400259,0.818149372114529,Male,22.0,Secondary,4,0,,0,0,0,,0,1,1.0,,4,2.0,
2017,134187668,0.7648049874611,Female,19.0,Primary or less,1,1,,0,0,0,,0,0,1.0,,4,5.0,
2017,172962313,0.997376780074074,Male,36.0,Primary or less,2,1,,0,0,0,,0,0,1.0,,4,5.0,
2017,135738322,0.78200989329422,Female,69.0,Primary or less,2,0,,0,0,0,,0,0,0.0,,4,5.0,
2017,191808796,1.5296099749222,Female,18.0,Primary or less,1,1,,0,0,0,,0,1,1.0,,4,5.0,
2017,180037482,0.616821806007877,Female,67.0,Secondary,5,1,,0,0,0,,1,0,1.0,,4,2.0,
2017,181182741,1.04029640322525,Female,40.0,Primary or less,3,1,,0,0,0,,0,0,1.0,,4,5.0,
2017,129216058,0.504152898004355,Female,29.0,Secondary,3,1,,1,0,1,,1,1,1.0,,4,1.0,
2017,122937971,0.290594591450477,Female,27.0,Secondary,2,1,,1,1,0,,1,1,1.0,,4,1.0,
2017,197753870,0.403228310029124,Female,30.0,Tertiary+,3,1,,1,0,1,,0,1,1.0,,4,5.0,
2017,151643461,1.40526383622488,Male,35.0,Primary or less,4,1,,1,0,1,,1,0,1.0,,4,5.0,
2017,144155900,0.577775682799817,Male,54.0,Secondary,5,0,,0,0,0,,1,0,1.0,,4,5.0,
2017,113246196,1.59050090547547,Female,34.0,Primary or less,1,1,,1,1,0,,1,1,1.0,,4,1.0,
2017,120031676,0.463790518546402,Female,37.0,Primary or less,3,1,,0,0,0,,1,1,0.0,,4,5.0,
2017,150358936,0.388995958429668,Female,24.0,Secondary,5,1,,1,1,1,,1,1,1.0,,4,1.0,
2017,116606375,1.58454391345977,Male,56.0,Primary or less,5,1,,1,1,0,,1,0,1.0,,4,2.0,
2017,171590145,0.498688390037037,Male,36.0,Primary or less,4,1,,0,0,0,,0,0,0.0,,4,5.0,
2017,192967598,0.290594591450477,Male,33.0,Secondary,5,1,,1,1,0,,1,0,1.0,,4,1.0,
2017,174130539,0.579888412924482,Male,25.0,Secondary,4,1,,1,0,1,,1,1,1.0,,4,1.0,
2017,160851566,0.549938507967747,Male,17.0,Primary or less,4,1,,0,0,0,,1,1,1.0,,4,2.0,
2017,123627681,1.04029640322525,Female,35.0,Primary or less,1,0,,0,0,0,,0,0,1.0,,4,5.0,
2017,182225211,0.724384793103595,Male,26.0,Secondary,4,1,,1,1,1,,1,1,1.0,,4,1.0,
2017,142241794,0.62365516212201,Male,23.0,Secondary,3,1,,0,0,0,,0,0,0.0,,4,5.0,
2017,113596836,0.792787215169855,Female,25.0,Primary or less,4,1,,1,0,1,,1,1,1.0,,4,5.0,
2017,184873837,0.950050976220076,Female,25.0,Secondary,5,1,,1,1,1,,1,1,1.0,,4,1.0,
2017,152093244,1.18918082275478,Female,26.0,Primary or less,4,0,,0,0,0,,1,1,1.0,,4,2.0,
2017,174950678,0.997376780074074,Male,40.0,Primary or less,1,1,,0,0,0,,0,0,0.0,,4,5.0,
2017,175875319,1.1420988860396,Female,17.0,Secondary,4,1,,0,0,0,,0,1,1.0,,4,2.0,
2017,118625107,2.7545513505308,Female,79.0,Primary or less,4,1,,0,0,0,,0,1,0.0,,5,5.0,
2017,122216111,0.86732347623627,Female,17.0,Primary or less,4,1,,0,0,0,,0,0,1.0,,4,2.0,
2017,141869160,1.58557443033971,Female,30.0,Primary or less,3,0,,0,0,0,,0,1,0.0,,4,5.0,
2017,117045283,1.80616761818938,Male,65.0,Primary or less,1,0,,0,0,0,,0,1,0.0,,4,5.0,
2017,141707653,1.82528716791336,Female,40.0,Primary or less,5,1,,1,1,0,,1,1,1.0,,4,5.0,
2017,118112452,1.34191440558756,Female,24.0,Primary or less,1,1,,0,0,0,,1,1,1.0,,4,5.0,
2017,195660490,0.290594591450477,Female,40.0,Secondary,5,1,,1,1,0,,1,1,1.0,,4,1.0,
2017,189586827,0.301625591731548,Female,23.0,Secondary,4,1,,1,1,0,,1,1,1.0,,4,1.0,
2017,127403441,0.605525878951294,Female,18.0,Secondary,2,0,,0,0,0,,0,0,1.0,,4,5.0,
2017,150619950,0.969709626593198,Male,30.0,Primary or less,1,1,,0,0,0,,0,0,0.0,,4,5.0,
2017,134595158,0.366847946751558,Female,20.0,Primary or less,5,1,,1,0,1,,1,1,1.0,,4,2.0,
2017,201992091,0.699438858778089,Male,16.0,Primary or less,1,1,,0,0,0,,1,0,1.0,,4,5.0,
2017,191913832,0.448365946764582,Male,40.0,Secondary,4,1,,1,1,1,,1,1,1.0,,4,1.0,
2017,133836573,1.21685811194224,Female,37.0,Primary or less,1,1,,0,0,0,,1,1,0.0,,4,5.0,
2017,190092470,2.04537343028632,Male,20.0,Secondary,1,1,,0,0,0,,1,1,1.0,,4,5.0,
2017,174379032,0.290594591450477,Male,22.0,Secondary,3,0,,0,0,0,,0,0,1.0,,4,2.0,
2017,181492724,1.11700535400161,Female,28.0,Primary or less,4,1,,0,0,0,,0,1,0.0,,4,5.0,
2017,116588622,0.546871680839914,Male,30.0,Secondary,5,1,,1,1,1,,1,1,1.0,,4,1.0,
2017,164929167,0.403776063100102,Female,24.0,Secondary,4,1,,1,1,0,,0,0,0.0,,4,1.0,
2017,182773808,1.20730798850599,Male,26.0,Secondary,3,1,,1,1,0,,1,1,1.0,,4,1.0,
2017,168583126,1.91201246865275,Female,23.0,Primary or less,1,1,,0,0,0,,0,1,0.0,,4,5.0,
2017,182427886,0.75020097514461,Female,68.0,Secondary,3,0,,0,0,0,,0,1,0.0,,4,5.0,
2017,203807794,0.290594591450477,Female,22.0,Secondary,5,1,,1,0,1,,0,0,1.0,,4,1.0,
2017,182302340,0.424041666140829,Male,34.0,Secondary,5,1,,0,0,0,,1,0,1.0,,4,3.0,
2017,171383123,2.23401070800322,Female,28.0,Primary or less,1,1,,0,0,0,,0,1,1.0,,4,3.0,
2017,134713895,0.290594591450477,Female,36.0,Secondary,5,1,,1,1,0,,1,0,1.0,,4,4.0,
2017,139376995,0.336101932002904,Female,32.0,Secondary,4,0,,0,0,0,,1,0,1.0,,4,2.0,
2017,167055679,1.14011865872826,Male,29.0,Primary or less,2,1,,0,0,0,,1,1,1.0,,4,5.0,
2017,115499093,0.294859494704489,Female,27.0,Secondary,5,0,,1,0,1,,1,1,1.0,,4,2.0,
2017,126656802,0.825718663440936,Female,60.0,Secondary,3,0,,1,1,0,,1,0,1.0,,4,1.0,
2017,143792072,0.579888412924482,Male,28.0,Secondary,5,0,,0,0,0,,0,1,1.0,,4,5.0,
2017,111810238,1.65273081031848,Female,60.0,Primary or less,1,1,,0,0,0,,0,0,1.0,,4,5.0,
2017,168580913,0.935482743183015,Male,15.0,Primary or less,2,1,,0,0,0,,0,0,1.0,,4,5.0,
2017,143266993,0.290594591450477,Female,30.0,Secondary,3,0,,0,0,0,,0,1,1.0,,4,5.0,
2017,195294996,1.63463772559798,Male,46.0,Secondary,3,1,,1,1,0,,1,1,1.0,,4,5.0,
2017,175921717,0.7648049874611,Female,23.0,Primary or less,2,1,,0,0,0,,0,0,0.0,,4,6.0,
2017,186766960,0.608429055971121,Female,43.0,,5,1,,1,1,0,,1,0,1.0,,4,1.0,
2017,200781578,1.52752994130909,Female,19.0,Secondary,4,1,,0,0,0,,1,0,1.0,,4,2.0,
2017,151648453,0.733695893503116,Female,21.0,Secondary,5,1,,0,0,0,,1,0,1.0,,4,5.0,
2017,164371854,1.24731032424402,Male,17.0,Primary or less,1,1,,0,0,0,,1,0,0.0,,4,2.0,
2017,121552712,0.583493937644501,Female,21.0,Secondary,3,1,,0,0,0,,0,0,1.0,,4,5.0,
2017,155471604,0.567982409923852,Male,47.0,Primary or less,5,1,,0,0,0,,1,1,1.0,,4,3.0,
2017,176925296,0.605664094650153,Female,19.0,Secondary,2,1,,0,0,0,,1,1,1.0,,4,2.0,
2017,206385856,0.409074686057264,Male,20.0,Secondary,5,0,,0,0,0,,0,0,1.0,,4,5.0,
2017,182093499,0.352744471299293,Female,43.0,Secondary,5,1,,1,1,0,,0,1,1.0,,4,3.0,
2017,178363621,0.7648049874611,Female,21.0,Primary or less,3,0,,0,0,0,,0,1,1.0,,4,3.0,
2017,150164891,1.1359648198477,Male,45.0,Primary or less,3,1,,0,0,0,,0,0,0.0,,4,5.0,
2017,134229608,1.09987701593549,Male,20.0,Primary or less,2,1,,0,0,0,,1,1,1.0,,4,2.0,
2017,152595814,1.57979764503203,Female,45.0,Primary or less,1,0,,0,0,0,,0,1,0.0,,4,3.0,
2017,173050709,0.546871680839914,Male,30.0,Secondary,5,1,,1,1,0,,1,1,1.0,,4,1.0,
2017,178326372,0.290594591450477,Female,17.0,Primary or less,5,1,,1,1,0,,1,1,0.0,,4,4.0,
2017,128111412,1.387061870967,Female,35.0,Primary or less,1,1,,0,0,0,,1,1,0.0,,4,5.0,
2017,180349623,1.14401056736635,Male,,Secondary,5,1,,1,1,1,,0,0,1.0,,4,1.0,
2017,202781751,0.290594591450477,Female,28.0,Primary or less,2,1,,0,0,0,,1,1,0.0,,4,5.0,
2017,193017990,1.3910115677118,Female,34.0,Primary or less,2,1,,0,0,0,,1,1,1.0,,4,5.0,
2017,118785355,0.37095201306901,Male,35.0,Secondary,4,1,,1,1,1,,1,1,1.0,,4,1.0,
2017,129450061,0.715173300758194,Male,55.0,Secondary,2,1,,1,1,0,,1,1,1.0,,4,1.0,
2017,174235460,0.650492607177202,Female,16.0,Primary or less,2,1,,0,0,0,,0,0,0.0,,4,2.0,
2017,132696973,1.79393888583033,Female,32.0,Primary or less,5,1,,0,0,0,,0,1,1.0,,4,2.0,
2017,153786461,1.52752994130909,Female,17.0,Primary or less,1,1,,1,1,0,,1,1,1.0,,4,1.0,
2017,180461692,1.387061870967,Female,35.0,Primary or less,3,0,,1,1,0,,0,1,0.0,,4,3.0,
2017,182695304,0.789898822516014,Female,46.0,Primary or less,2,0,,0,0,0,,0,0,0.0,,4,5.0,
2017,124036279,0.312661288581066,Female,25.0,Secondary,4,0,,1,0,1,,0,0,1.0,,4,1.0,
2017,196061467,1.46892610790174,Female,46.0,Secondary,4,1,,1,0,1,,1,0,1.0,,4,1.0,
2017,155093880,0.290594591450477,Female,20.0,Secondary,4,1,,0,0,0,,0,0,1.0,,4,5.0,
2017,210358269,0.786695605811408,Male,35.0,Secondary,4,1,,1,1,0,,1,1,1.0,,4,2.0,
2017,148027298,0.443417309133065,Female,55.0,Secondary,2,1,,1,1,0,,1,1,1.0,,4,3.0,
2017,194953612,0.546871680839914,Male,25.0,Secondary,4,1,,0,0,0,,1,0,1.0,,4,2.0,
2017,204998922,0.481591987525105,Male,52.0,Secondary,4,1,,1,1,0,,1,1,1.0,,4,1.0,
2017,158296131,0.732294363553432,Female,41.0,Primary or less,4,1,,0,0,0,,1,0,0.0,,4,3.0,
2017,207913000,0.394949411258007,Female,50.0,Primary or less,2,1,,0,0,0,,1,1,0.0,,4,5.0,
2017,182752276,0.290594591450477,Female,33.0,Secondary,5,1,,1,1,1,,1,0,1.0,,4,1.0,
2017,200047024,1.13665352318147,Female,45.0,Secondary,5,1,,1,1,0,,1,1,1.0,,4,2.0,
2017,114909511,1.1359648198477,Male,50.0,Primary or less,2,1,,0,0,0,,1,0,0.0,,4,5.0,
2017,168937007,1.11884132813753,Male,21.0,Secondary,5,0,,0,0,0,,1,0,1.0,,4,2.0,
2017,175841673,0.792787215169855,Female,25.0,Primary or less,2,0,,0,0,0,,0,0,0.0,,4,5.0,
2017,146740152,2.24923927529233,Male,66.0,Primary or less,3,0,,0,0,0,,0,0,1.0,,2,5.0,
2017,186605982,0.51588667749841,Female,35.0,Secondary,4,0,,0,0,0,,0,1,1.0,,4,5.0,
2017,139029550,0.507286880762063,Male,44.0,Secondary,5,1,,1,1,1,,1,0,1.0,,4,1.0,
2017,133801153,0.567982409923852,Male,51.0,Primary or less,5,1,,0,0,0,,1,0,1.0,,4,3.0,
2017,188279870,1.51932577450302,Male,51.0,Primary or less,5,1,,1,0,1,,1,1,1.0,,4,1.0,
2017,186770838,1.17514088632139,Female,48.0,Primary or less,4,1,,0,0,0,,1,1,1.0,,4,5.0,
2017,190938352,0.605664094650153,Female,16.0,Primary or less,3,0,,0,0,0,,0,0,0.0,,4,5.0,
2017,131017272,0.760539920278015,Female,26.0,Secondary,4,1,,0,0,0,,0,0,1.0,,4,5.0,
2017,124679359,0.324238873902701,Female,17.0,Primary or less,3,1,,0,0,0,,0,0,1.0,,4,5.0,
2017,132947092,0.335803060754263,Female,27.0,Secondary,4,1,,1,1,0,,0,1,1.0,,4,1.0,
2017,206323048,1.14011865872826,Male,32.0,Primary or less,2,0,,0,0,0,,0,0,0.0,,4,5.0,
2017,202397870,0.867544174534678,Male,23.0,Tertiary+,4,1,,0,0,0,,1,1,1.0,,4,2.0,
2017,211092670,2.45916099574963,Female,50.0,Primary or less,5,1,,0,0,0,,0,0,0.0,,4,5.0,
2017,140797122,0.463790518546402,Female,38.0,Primary or less,3,1,,0,0,0,,1,0,1.0,,4,5.0,
2017,207390001,0.705488942598586,Female,40.0,Secondary,5,1,,1,1,1,,1,0,1.0,,4,1.0,
2017,126155000,0.290594591450477,Male,25.0,Secondary,5,1,,1,1,1,,1,1,1.0,,4,1.0,
2017,203050514,0.396393607584927,Female,25.0,Primary or less,4,1,,0,0,0,,1,1,0.0,,4,5.0,
2017,156164632,0.896969442915166,Female,30.0,Primary or less,1,1,,1,1,0,,0,0,1.0,,4,5.0,
2017,188309780,0.869832619386722,Male,27.0,Secondary,3,1,,1,1,0,,1,1,1.0,,4,1.0,
2017,164421231,0.290594591450477,Female,37.0,Secondary,5,1,,1,1,1,,1,1,1.0,,4,1.0,
2017,206342367,0.748877679966784,Male,22.0,Secondary,5,0,,0,0,0,,1,1,1.0,,4,2.0,
2017,152231339,0.878705082285889,Male,22.0,Secondary,4,1,,1,0,1,,1,1,1.0,,4,1.0,
2017,155861130,1.14011865872826,Male,28.0,Primary or less,2,1,,0,0,0,,1,0,1.0,,4,5.0,
2017,177850543,1.04029640322525,Female,35.0,Primary or less,2,1,,0,0,0,,0,1,1.0,,4,3.0,
2017,139488781,0.636618172145435,Female,33.0,Primary or less,2,1,,0,0,0,,0,0,1.0,,4,5.0,
2017,197770612,0.997376780074074,Male,40.0,Primary or less,1,0,,0,0,0,,0,0,0.0,,4,5.0,
2017,191153352,0.498688390037037,Male,36.0,Primary or less,3,1,,0,0,0,,0,0,1.0,,4,5.0,
2017,144454343,0.511454188376139,Female,20.0,Primary or less,1,1,,0,0,0,,1,1,1.0,,4,5.0,
2017,192208388,2.45916099574963,Female,45.0,Primary or less,1,0,,1,0,1,,1,1,1.0,,4,2.0,
2017,152653284,0.290594591450477,Female,16.0,Primary or less,5,1,,1,1,1,,1,1,1.0,,4,5.0,
2017,116271998,2.24923927529233,Male,76.0,Primary or less,4,1,,0,0,0,,0,0,0.0,,4,5.0,
2017,142290285,2.00043367565569,Male,27.0,Primary or less,5,1,,1,1,0,,1,1,1.0,,4,5.0,
2017,116034217,1.58470617134833,Female,52.0,Primary or less,4,1,,1,1,0,,1,1,1.0,,4,2.0,
2017,178955422,0.538789759354376,Female,23.0,Primary or less,3,0,,0,0,0,,0,0,0.0,,4,5.0,
2017,149875540,1.16135228893577,Male,21.0,Secondary,3,1,,0,0,0,,0,1,1.0,,4,5.0,
2017,173643788,0.294859494704489,Female,26.0,Secondary,4,1,,1,1,0,,1,1,1.0,,4,2.0,
2017,140131526,0.781653221452664,Female,30.0,Secondary,2,1,,0,0,0,,0,0,1.0,,4,3.0,
2017,210119317,0.950050976220076,Female,34.0,Primary or less,4,0,,0,0,0,,0,0,1.0,,4,2.0,
2017,176508077,1.5827078729492,Male,16.0,Secondary,5,0,,1,0,1,,1,1,1.0,,4,1.0,
2017,173327646,0.328493755996689,Male,21.0,Secondary,4,1,,0,0,0,,1,1,1.0,,4,2.0,
2017,137201153,0.62365516212201,Male,18.0,Secondary,2,0,,0,0,0,,0,0,0.0,,4,5.0,
2017,122158317,1.24731032424402,Male,15.0,Secondary,1,0,,0,0,0,,1,0,0.0,,4,5.0,
2017,152426486,0.556467862363874,Female,50.0,Primary or less,5,0,,0,0,0,,0,1,0.0,,4,3.0,
2017,150655282,1.22202395304727,Female,15.0,Primary or less,1,1,,0,0,0,,0,1,1.0,,2,5.0,
2017,162459510,1.05513858196614,Male,16.0,Secondary,4,1,,0,0,0,,0,0,0.0,,4,5.0,
2017,167217907,0.693530935483499,Female,39.0,Primary or less,4,0,,0,0,0,,0,0,1.0,,4,5.0,
2017,157107582,1.5827078729492,Male,17.0,Secondary,4,1,,0,0,0,,1,0,1.0,,4,2.0,
2017,202873702,2.40957211776633,Male,30.0,Primary or less,1,1,,0,0,0,,1,1,0.0,,4,5.0,
2017,137953247,1.52752994130909,Female,16.0,Secondary,2,0,,0,0,0,,0,0,0.0,,4,3.0,
2017,147896105,0.695505783855902,Female,26.0,Primary or less,3,1,,1,0,1,,1,1,1.0,,4,1.0,
2017,186977417,0.567982409923852,Male,47.0,Primary or less,3,1,,1,0,1,,0,0,1.0,,4,5.0,
2017,140950432,0.315529872785871,Female,46.0,Secondary,2,1,,1,0,1,,1,1,1.0,,4,1.0,
2017,160345491,0.418277151480107,Male,75.0,Secondary,5,1,,0,0,0,,0,0,1.0,,4,2.0,
2017,147730631,1.61636927806313,Female,20.0,Primary or less,3,0,,0,0,0,,0,0,0.0,,4,5.0,
2017,171304790,0.361070528698827,Male,29.0,Secondary,4,0,,0,0,0,,1,0,1.0,,4,2.0,
2017,148420246,0.580676144467887,Male,16.0,Secondary,2,1,,0,0,0,,0,0,0.0,,4,5.0,
2017,191016372,0.312661288581066,Female,31.0,Secondary,5,0,,0,0,0,,1,1,1.0,,4,2.0,
2017,185732603,0.473554126950815,Female,31.0,Secondary,4,0,,0,0,0,,1,1,1.0,,4,5.0,
2017,187927630,0.449642681103175,Male,26.0,Secondary,5,1,,1,1,1,,1,1,1.0,,4,1.0,
2017,159119887,0.39100494664711,Female,60.0,Primary or less,3,1,,0,0,0,,0,0,0.0,,4,3.0,
2017,174341200,0.956807630458774,Male,35.0,Secondary,4,1,,1,0,1,,0,1,1.0,,4,2.0,
2017,176143819,2.04581675350456,Female,15.0,Primary or less,2,0,,0,0,0,,0,0,0.0,,4,2.0,
2017,155849726,0.935482743183015,Male,20.0,Secondary,3,1,,1,1,0,,1,1,0.0,,4,1.0,
2017,177940074,0.973840280836975,Female,55.0,Primary or less,5,1,,1,1,0,,1,1,1.0,,4,4.0,
2017,139550802,2.78220033334623,Male,60.0,Primary or less,2,1,,0,0,0,,0,1,1.0,,4,3.0,
2017,158475457,1.70394722977156,Male,50.0,Primary or less,3,0,,0,0,0,,0,0,1.0,,4,5.0,
2017,183138510,2.32452382941123,Male,15.0,Primary or less,5,1,,0,0,0,,0,1,1.0,,4,3.0,
2017,180884717,1.68692945646925,Male,57.0,Primary or less,1,1,,0,0,0,,0,0,0.0,,4,5.0,
2017,117261282,0.552174654295059,Female,21.0,Secondary,4,1,,1,1,0,,1,1,1.0,,4,2.0,
2017,161352391,2.04581675350456,Female,22.0,Primary or less,1,0,,1,1,0,,1,1,0.0,,4,5.0,
2017,130298920,2.78220033334623,Male,15.0,Primary or less,2,1,,0,0,0,,1,1,0.0,,4,5.0,
2017,199134246,0.562309818823082,Male,64.0,Primary or less,2,0,,0,0,0,,1,0,0.0,,4,5.0,
2017,172552926,1.83423973375779,Female,19.0,Secondary,5,1,,0,0,0,,0,0,1.0,,4,5.0,
2017,129579017,2.38103734416061,Female,16.0,Primary or less,1,1,,1,1,1,,1,0,,,5,5.0,
2017,183025342,1.83105943854804,Male,34.0,Primary or less,1,1,,0,0,0,,1,1,0.0,,4,2.0,
2017,174921677,0.290594591450477,Female,30.0,Secondary,4,1,,1,0,1,,0,0,1.0,,4,5.0,
2017,210954692,1.52752994130909,Female,16.0,Secondary,2,1,,0,0,0,,0,0,1.0,,4,5.0,
2017,146980039,0.595835043285974,Female,32.0,Secondary,3,1,,1,0,1,,1,1,1.0,,4,2.0,
2017,158277760,0.498688390037037,Male,41.0,Primary or less,4,0,,0,0,0,,0,0,1.0,,4,3.0,
2017,181884871,0.562309818823082,Male,60.0,Primary or less,1,0,,0,0,0,,0,1,1.0,,4,5.0,
2017,167253793,0.290594591450477,Male,37.0,Tertiary+,5,1,,1,1,0,,1,0,1.0,,4,1.0,
2017,200509542,0.562309818823082,Male,60.0,Primary or less,3,0,,0,0,0,,0,0,0.0,,4,5.0,
2017,158165506,0.335803060754263,Female,29.0,Secondary,3,0,,1,1,1,,1,1,1.0,,4,5.0,
2017,145047170,0.916517964785452,Female,23.0,Secondary,2,0,,0,0,0,,0,0,1.0,,4,5.0,
2017,192378586,0.562309818823082,Male,84.0,Primary or less,3,1,,1,0,1,,1,1,0.0,,4,3.0,
2017,138209047,0.463790518546402,Female,41.0,Primary or less,1,1,,1,1,0,,1,1,0.0,,4,5.0,
2017,174488664,0.290594591450477,Male,29.0,Secondary,5,1,,1,1,0,,1,0,1.0,,4,1.0,
2017,150567272,1.17514088632139,Female,47.0,Secondary,2,1,,0,0,0,,0,1,1.0,,4,5.0,
2017,157033971,0.621398334348592,Female,35.0,Primary or less,4,1,,0,0,0,,1,0,1.0,,4,2.0,
2017,173209614,1.58470617134833,Female,48.0,Primary or less,1,1,,0,0,0,,1,1,1.0,,4,3.0,
2017,162820034,0.290594591450477,Male,32.0,Secondary,5,1,,1,0,1,,1,0,1.0,,4,1.0,
2017,125331755,0.653462218409413,Female,42.0,Primary or less,1,1,,1,1,0,,1,1,1.0,,4,5.0,
2017,125279782,0.932585145037451,Male,20.0,Secondary,4,1,,0,0,0,,1,1,1.0,,4,5.0,
2017,135539670,0.589718989408978,Female,26.0,Secondary,2,1,,1,1,0,,1,0,1.0,,4,1.0,
2017,147584037,2.63784645491534,Male,21.0,Secondary,3,1,,0,0,0,,1,1,1.0,,4,5.0,
2017,181047550,0.732294363553432,Female,40.0,Primary or less,1,1,,1,1,0,,1,1,0.0,,4,3.0,
2017,203777922,1.22722405817179,Male,22.0,Secondary,5,0,,0,0,0,,0,0,1.0,,4,5.0,
2017,175365428,0.818149372114529,Male,18.0,Secondary,3,0,,0,0,0,,0,0,0.0,,4,5.0,
2017,181925590,0.290594591450477,Female,21.0,Secondary,5,0,,1,0,1,,1,0,1.0,,4,2.0,
2017,188204861,0.528235390449443,Female,47.0,Primary or less,2,1,,0,0,0,,1,1,1.0,,4,3.0,
2017,112269399,2.6909083287455,Female,29.0,Primary or less,4,1,,0,0,0,,1,1,1.0,,4,2.0,
2017,198238126,1.1378085207993,Female,17.0,Secondary,5,0,,0,0,0,,0,1,1.0,,4,5.0,
2017,196692067,0.915529719274018,Male,34.0,Primary or less,5,1,,1,1,0,,1,1,1.0,,4,3.0,
2017,164575195,0.290594591450477,Female,30.0,Tertiary+,5,1,,1,1,1,,1,0,1.0,,4,1.0,
2017,155932206,0.568904260399652,Female,23.0,Secondary,4,1,,1,1,0,,1,0,1.0,,4,1.0,
2017,144285036,0.546871680839914,Male,28.0,Secondary,2,1,,1,1,0,,1,0,1.0,,4,3.0,
2017,170564338,1.60638141184422,Male,32.0,Primary or less,3,1,,0,0,0,,0,1,1.0,,4,5.0,
2017,151987001,0.902676321747067,Male,30.0,Secondary,2,1,,0,0,0,,0,1,1.0,,4,5.0,
2017,147709920,1.05709406100195,Male,40.0,Secondary,2,1,,1,1,1,,1,1,1.0,,4,1.0,
2017,168560705,1.65273081031848,Female,61.0,Primary or less,2,0,,0,0,0,,0,1,0.0,,4,5.0,
2017,122217855,0.552174654295059,Female,17.0,Secondary,1,1,,1,1,0,,0,1,1.0,,4,5.0,
2017,182060829,1.9673287965997,Female,50.0,Primary or less,2,1,,0,0,0,,1,1,1.0,,4,3.0,
2017,124624677,0.290594591450477,Female,32.0,Tertiary+,5,1,,1,1,1,,1,0,1.0,,4,1.0,
2017,140397730,0.68300561326311,Male,51.0,Secondary,2,1,,1,1,0,,1,1,1.0,,4,1.0,
2017,170932949,0.80319070592211,Male,30.0,Primary or less,5,1,,0,0,0,,0,0,1.0,,4,3.0,
2017,153558268,1.49775535993357,Male,17.0,Secondary,5,1,,0,0,0,,1,0,1.0,,4,5.0,
2017,117193647,2.78220033334623,Female,28.0,Primary or less,2,1,,1,1,0,,1,1,1.0,,4,4.0,
2017,138574420,0.621018795245714,Male,41.0,Primary or less,3,1,,1,1,0,,1,0,0.0,,4,5.0,
2017,144929900,0.290594591450477,Female,45.0,Secondary,3,1,,1,1,0,,1,1,1.0,,4,1.0,
2017,185195075,1.08415434529534,Female,20.0,Secondary,1,1,,0,0,0,,0,0,1.0,,4,5.0,
2017,123534905,1.66940358709162,Female,50.0,Primary or less,5,1,,0,0,0,,0,0,0.0,,4,5.0,
2017,137035456,0.290594591450477,Male,22.0,Secondary,5,1,,0,0,0,,1,1,1.0,,4,4.0,
2017,154425002,0.550910270106161,Female,67.0,Primary or less,4,0,,0,0,0,,0,0,1.0,,4,2.0,
2017,151874350,0.646473084395465,Male,32.0,Secondary,2,1,,0,0,0,,1,0,1.0,,4,3.0,
2017,167754133,1.05647078089889,Female,48.0,Primary or less,3,0,,1,1,0,,1,0,1.0,,4,1.0,
2017,201772450,0.495980704677811,Male,20.0,Secondary,4,1,,0,0,0,,1,1,1.0,,4,5.0,
2017,157212316,2.69394879677188,Female,17.0,Primary or less,2,0,,0,0,0,,0,1,1.0,,4,2.0,
2017,200775597,0.296869461639676,Male,57.0,Secondary,5,1,,0,0,0,,1,1,1.0,,4,5.0,
2017,134826997,0.807552126200204,Female,20.0,Secondary,2,1,,0,0,0,,1,1,1.0,,4,2.0,
2017,183498218,0.997376780074074,Male,42.0,Primary or less,3,1,,0,0,0,,1,0,1.0,,4,5.0,
2017,135533023,0.707310936004489,Male,50.0,Primary or less,2,1,,0,0,0,,1,0,0.0,,4,5.0,
2017,176941649,1.52752994130909,Female,15.0,Secondary,2,1,,0,0,0,,0,0,0.0,,4,3.0,
2017,119994357,0.290594591450477,Female,22.0,Secondary,5,1,,1,1,1,,1,0,1.0,,4,1.0,
2017,195759402,0.604842465043686,Female,25.0,Secondary,4,1,,1,1,1,,1,0,1.0,,4,1.0,
2017,120101488,1.08415434529534,Female,20.0,Secondary,1,1,,1,1,0,,1,1,1.0,,4,1.0,
2017,187799039,0.604842465043686,Female,34.0,Secondary,5,0,,1,1,0,,1,0,1.0,,4,1.0,
2017,120976588,1.02290837675228,Female,21.0,Primary or less,2,1,,0,0,0,,1,0,1.0,,4,5.0,
2017,169499141,1.12461963764616,Male,65.0,Primary or less,4,1,,1,1,0,,1,1,1.0,,1,5.0,
2017,197910251,0.977157241284271,Female,40.0,Primary or less,4,0,,0,0,0,,0,0,0.0,,4,5.0,
2017,166659574,0.7648049874611,Female,15.0,Primary or less,4,1,,0,0,0,,0,0,0.0,,4,5.0,
2017,155408391,0.698816898160888,Male,17.0,Secondary,5,1,,1,1,1,,1,1,1.0,,4,5.0,
2017,120613214,2.04537343028632,Male,20.0,Secondary,2,1,,0,0,0,,1,1,1.0,,4,2.0,
2017,201189688,2.78220033334623,Male,17.0,Primary or less,2,1,,0,0,0,,0,1,1.0,,4,5.0,
2017,200057034,1.59050090547547,Female,30.0,Primary or less,4,1,,1,1,0,,0,0,1.0,,4,5.0,
2017,208379733,0.674464021654762,Male,26.0,Secondary,3,1,,1,1,1,,1,1,1.0,,4,1.0,
2017,136827356,2.78220033334623,Male,49.0,Primary or less,1,1,,1,1,0,,1,1,1.0,,4,1.0,
2017,156498648,0.344882665176365,Female,20.0,Secondary,3,1,,0,0,0,,1,0,1.0,,4,2.0,
2017,171826801,0.31884239432227,Male,68.0,Secondary,3,0,,0,0,0,,1,0,1.0,,4,5.0,
2017,157488383,0.952414937664244,Female,17.0,Primary or less,3,1,,0,0,0,,0,1,0.0,,4,5.0,
2017,177552514,0.896969442915166,Female,27.0,Primary or less,5,1,,1,0,1,,1,1,1.0,,4,1.0,
2017,123028787,1.16573143129681,Male,17.0,Secondary,3,0,,0,0,0,,0,1,0.0,,4,5.0,
2017,163040543,0.633367317480051,Female,30.0,Secondary,1,0,,0,0,0,,0,0,1.0,,4,5.0,
2017,116765498,1.74998109442638,Male,37.0,Primary or less,3,1,,1,1,0,,0,0,1.0,,4,5.0,
2017,131323803,2.74969253983874,Male,15.0,Primary or less,1,0,,0,0,0,,0,0,1.0,,4,5.0,
2017,209824666,0.7648049874611,Female,18.0,Primary or less,1,0,,0,0,0,,0,0,0.0,,4,5.0,
2017,208616401,0.549938507967747,Male,23.0,Primary or less,1,1,,0,0,0,,0,0,1.0,,4,5.0,
2017,169125941,0.55691412276272,Female,36.0,Primary or less,3,1,,1,1,0,,0,1,1.0,,5,3.0,
2017,126833572,0.290594591450477,Female,27.0,Secondary,4,0,,1,1,1,,0,1,1.0,,4,1.0,
2017,201190625,2.04581675350456,Female,16.0,Primary or less,1,0,,0,0,0,,0,0,0.0,,4,5.0,
2017,154833684,2.45916099574963,Female,48.0,Primary or less,4,0,,0,0,0,,0,0,0.0,,4,5.0,
2017,151306857,0.366147181776716,Female,38.0,Primary or less,4,1,,0,0,0,,1,1,0.0,,4,3.0,
2017,149065957,0.520735842588499,Female,20.0,Primary or less,3,0,,0,0,0,,1,1,1.0,,4,5.0,
2017,131008646,2.78220033334623,Male,66.0,Primary or less,1,0,,0,0,0,,0,0,0.0,,4,5.0,
2017,202324594,0.565535208447619,Male,40.0,Secondary,2,1,,0,0,0,,0,0,1.0,,4,2.0,
2017,160686093,1.07887477647486,Male,55.0,Secondary,4,1,,1,1,1,,1,0,1.0,,4,1.0,
2017,176172994,0.290594591450477,Female,25.0,Secondary,4,0,,1,1,0,,1,1,1.0,,4,1.0,
2017,128813110,0.869832619386722,Male,28.0,Secondary,5,1,,0,0,0,,1,1,1.0,,4,2.0,
2017,132601347,0.7648049874611,Female,18.0,Primary or less,1,1,,0,0,0,,0,0,0.0,,4,5.0,
2017,139088396,0.665320974266658,Female,37.0,Secondary,5,0,,0,0,0,,0,0,1.0,,4,5.0,
2017,197713126,2.04537343028632,Male,21.0,Secondary,5,1,,0,0,0,,1,0,1.0,,4,2.0,
2017,112160931,0.290594591450477,Female,36.0,Secondary,5,1,,1,1,0,,1,1,1.0,,4,2.0,
2017,150250377,1.22722405817179,Male,15.0,Secondary,5,0,,0,0,0,,1,1,0.0,,4,2.0,
2017,158890432,1.60638141184422,Male,29.0,Primary or less,2,1,,0,0,0,,0,0,1.0,,4,5.0,
2017,186675495,0.520735842588499,Female,20.0,Secondary,4,0,,0,0,0,,0,0,0.0,,4,5.0,
2017,155684201,1.75741016457178,Male,18.0,Secondary,5,1,,0,0,0,,1,1,1.0,,4,3.0,
2017,129181221,0.290594591450477,Female,51.0,Secondary,4,1,,0,0,0,,1,0,1.0,,4,2.0,
2017,186611168,0.674464021654762,Male,28.0,Secondary,4,1,,0,0,0,,1,1,1.0,,4,5.0,
2017,116747121,0.315864808049873,Male,37.0,Secondary,3,1,,1,1,0,,1,0,1.0,,4,2.0,
2017,193841525,0.903083809094688,Male,,Primary or less,4,1,,0,0,0,,1,1,0.0,,4,4.0,
2017,163390568,0.844993477122627,Male,51.0,Secondary,1,1,,1,1,0,,1,0,1.0,,1,5.0,
2017,182896270,0.700246833928521,Male,57.0,Primary or less,4,0,,0,0,0,,0,0,1.0,,4,5.0,
2017,210855617,2.78220033334623,Male,,,3,0,,0,0,0,,1,0,1.0,,4,2.0,
2017,140722479,0.290594591450477,Male,28.0,Secondary,5,1,,1,1,0,,1,1,1.0,,4,3.0,
2017,203046723,0.366847946751558,Female,24.0,Secondary,1,1,,0,0,0,,1,1,1.0,,4,2.0,
2017,122603715,2.24923927529233,Male,61.0,Primary or less,1,0,,0,0,0,,1,1,0.0,,4,5.0,
2017,141887553,0.776277168869699,Male,30.0,Secondary,5,1,,0,0,0,,1,0,1.0,,4,2.0,
2017,179906232,2.78220033334623,Male,58.0,Primary or less,2,1,,0,0,0,,0,1,0.0,,4,3.0,
2017,158050073,0.290594591450477,Male,28.0,Secondary,4,1,,1,1,1,,1,0,1.0,,4,1.0,
2017,128441097,2.10789575433732,Male,40.0,Primary or less,1,1,,0,0,0,,0,0,1.0,,4,5.0,
2017,185412099,2.61384887363765,Female,37.0,Primary or less,5,1,,1,1,0,,1,1,1.0,,4,1.0,
2017,117465124,0.388995958429668,Female,20.0,Secondary,5,0,,1,1,1,,1,0,1.0,,4,1.0,
2017,149983346,1.87219419991696,Male,19.0,Secondary,3,1,,1,1,0,,1,0,1.0,,4,5.0,
2017,198475022,2.04537343028632,Male,15.0,Secondary,5,1,,1,0,1,,1,0,1.0,,4,1.0,
2017,195684129,0.463790518546402,Female,43.0,Primary or less,3,0,,1,1,1,,1,1,1.0,,4,5.0,
2017,158444872,0.550910270106161,Female,60.0,Primary or less,4,0,,0,0,0,,1,1,0.0,,4,3.0,
2017,157314485,0.625322577162131,Female,26.0,Secondary,5,1,,1,1,1,,1,0,1.0,,4,1.0,
2017,131875993,0.290594591450477,Female,18.0,Secondary,3,1,,1,0,1,,1,0,1.0,,4,2.0,
2017,137257385,0.405976994012667,Male,66.0,Secondary,5,1,,1,1,0,,1,1,1.0,,1,1.0,
2017,206808184,2.35400891289016,Female,38.0,Primary or less,5,0,,0,0,0,,1,0,0.0,,4,5.0,
2017,171518050,1.04591952676629,Female,60.0,Primary or less,2,0,,1,1,0,,1,0,1.0,,4,1.0,
2017,180411822,0.896969442915166,Female,29.0,Primary or less,4,0,,1,1,0,,1,1,1.0,,4,1.0,
2017,123164658,1.11382824552544,Female,43.0,Primary or less,1,1,,1,1,0,,1,1,1.0,,4,5.0,
2017,166931130,0.792787215169855,Female,30.0,Primary or less,3,1,,0,0,0,,0,0,0.0,,4,5.0,
2017,200025125,1.13665352318147,Female,50.0,Primary or less,3,1,,0,0,0,,1,0,1.0,,4,2.0,
2017,150094681,1.60638141184422,Male,25.0,Primary or less,2,1,,0,0,0,,0,0,1.0,,4,5.0,
2017,210129317,0.526561510827293,Male,42.0,Secondary,3,1,,1,1,0,,0,0,1.0,,4,1.0,
2017,172496330,0.290594591450477,Male,23.0,Secondary,5,1,,1,0,1,,0,1,1.0,,4,2.0,
2017,137582517,1.58341829370013,Female,32.0,Primary or less,1,1,,0,0,0,,0,0,0.0,,4,5.0,
2017,152136122,0.53978821432027,Female,25.0,Secondary,1,1,,0,0,0,,1,1,1.0,,4,4.0,
2017,200431197,2.00043367565569,Male,34.0,Primary or less,5,0,,0,0,0,,0,0,1.0,,4,2.0,
2017,154154483,2.19975403187099,Male,18.0,Primary or less,2,1,,0,0,0,,1,1,0.0,,4,5.0,
2017,133171566,1.46739178700623,Female,15.0,Secondary,3,1,,1,0,1,,1,1,1.0,,4,1.0,
2017,178648910,1.14720748119165,Female,24.0,Primary or less,2,1,,0,0,0,,0,0,1.0,,4,5.0,
2017,137834807,0.290594591450477,Female,22.0,Secondary,3,1,,1,1,0,,1,1,1.0,,4,1.0,
2017,131633169,2.20658879997486,Male,15.0,Primary or less,3,1,,0,0,0,,1,1,0.0,,4,2.0,
2017,133346649,0.674464021654762,Male,27.0,Secondary,5,1,,1,1,0,,1,1,1.0,,4,1.0,
2017,161140817,1.11382824552544,Female,42.0,Primary or less,1,1,,0,0,0,,0,1,1.0,,4,5.0,
2017,156130977,1.3910115677118,Female,28.0,Primary or less,5,1,,0,0,0,,0,0,1.0,,4,5.0,
2017,178959538,2.10074050178556,Male,60.0,Primary or less,1,1,,0,0,0,,1,0,0.0,,4,5.0,
2017,192486644,1.07757951870875,Female,20.0,Primary or less,4,0,,0,0,0,,0,0,1.0,,4,5.0,
2017,208299290,1.20838251607345,Male,29.0,Primary or less,1,1,,0,0,0,,0,0,0.0,,4,5.0,
2017,199969546,0.956807630458774,Male,35.0,Secondary,5,1,,0,0,0,,1,1,1.0,,4,2.0,
2017,207657515,0.601921576134699,Male,34.0,Secondary,2,1,,0,0,0,,1,0,0.0,,4,5.0,
2017,121028497,0.417024263742977,Female,49.0,Secondary,5,1,,1,1,1,,1,1,1.0,,4,1.0,
2017,165125668,1.73382733870875,Female,35.0,Primary or less,1,1,,0,0,0,,0,0,0.0,,4,5.0,
2017,158074301,0.902676321747067,Male,25.0,Secondary,4,1,,0,0,0,,1,1,1.0,,4,2.0,
2017,130408359,0.550910270106161,Female,65.0,Primary or less,3,0,,0,0,0,,0,0,0.0,,4,5.0,
2017,158808325,1.67550803100242,Female,33.0,Primary or less,2,1,,0,0,0,,0,1,1.0,,4,5.0,
2017,115452084,1.63629874422906,Male,17.0,Secondary,3,1,,0,0,0,,0,0,1.0,,4,5.0,
2017,196455846,0.290594591450477,Male,23.0,Secondary,5,1,,1,0,1,,1,1,1.0,,4,1.0,
2017,185975655,0.290594591450477,Male,40.0,Secondary,5,0,,1,1,0,,1,1,1.0,,4,5.0,
2017,185780379,1.52752994130909,Female,20.0,Secondary,4,0,,0,0,0,,0,0,1.0,,4,5.0,
2017,168008046,0.375100487572305,Female,60.0,Secondary,4,0,,1,1,0,,1,0,1.0,,4,1.0,
2017,125747009,2.78220033334623,Male,16.0,Primary or less,5,1,,0,0,0,,0,0,1.0,,4,5.0,
2021,203250289,0.659843962714212,Male,32.0,Secondary,2,1,Urban,0,0,0,,1,1,0.0,2,4,5.0,0
2021,122059953,0.266955458856948,Female,30.0,Secondary,5,1,Urban,1,1,0,,0,1,1.0,1,4,5.0,0
2021,120544204,0.805692665842827,Male,22.0,Secondary,3,1,Urban,1,0,1,,1,1,0.0,1,4,1.0,1
2021,175639927,1.65593339157107,Male,15.0,Secondary,3,1,Urban,0,0,0,,1,1,0.0,2,4,3.0,0
2021,203987503,1.93763529724086,Female,17.0,Secondary,2,1,Urban,0,0,0,,0,0,0.0,2,4,5.0,0
2021,113281904,0.473158593344677,Female,56.0,Secondary,3,1,Rural,1,1,1,,1,1,1.0,1,4,1.0,1
2021,197235875,0.736862324820991,Male,34.0,Primary or less,1,1,Rural,0,0,0,,0,1,1.0,2,4,5.0,0
2021,178231479,0.699266713371485,Male,51.0,Primary or less,3,1,Urban,0,0,0,,0,1,0.0,2,4,1.0,0
2021,126713579,0.874675385798389,Male,16.0,Secondary,3,1,Urban,1,0,1,,0,1,1.0,1,4,1.0,1
2021,176572451,2.03182506701102,Female,16.0,Secondary,1,1,Rural,0,0,0,,1,1,1.0,1,4,3.0,0
2021,187263936,0.866929960751742,Male,29.0,Secondary,4,1,Urban,1,1,1,,1,0,1.0,1,4,1.0,1
2021,175912169,1.2419500436783,Male,15.0,Secondary,4,0,Urban,1,1,0,,0,1,0.0,2,4,1.0,1
2021,128364374,0.508794467750405,Male,25.0,Secondary,4,1,Urban,0,0,0,,1,0,1.0,2,4,1.0,0
2021,132472542,1.18190287541724,Female,28.0,Secondary,5,1,Urban,1,1,1,,1,1,1.0,1,4,1.0,1
2021,175919741,0.391478480926846,Male,20.0,Primary or less,2,0,Urban,0,0,0,,0,0,1.0,2,4,5.0,0
2021,164020797,2.72815196468522,Female,15.0,Primary or less,2,1,Rural,0,0,0,,1,1,0.0,2,4,2.0,0
2021,187370449,1.01979906893348,Female,37.0,Primary or less,1,0,Rural,1,0,1,,0,1,1.0,2,4,2.0,1
2021,193493426,1.99295275105401,Female,22.0,Primary or less,3,1,Urban,1,0,1,,1,1,1.0,1,4,2.0,1
2021,195221363,0.709141725250344,Female,27.0,Secondary,5,1,Urban,1,1,1,,1,1,1.0,1,4,1.0,1
2021,201242258,1.74043647919483,Female,21.0,Primary or less,2,1,Urban,1,0,1,,0,1,1.0,1,4,1.0,1
2021,198346621,1.21113918558383,Female,35.0,Secondary,3,1,Urban,0,0,0,,1,1,1.0,2,4,5.0,0
2021,111216632,1.71371612020569,Female,61.0,Primary or less,3,1,Rural,0,0,0,,0,1,0.0,2,4,1.0,0
2021,156682141,1.62316922979485,Male,28.0,Primary or less,1,1,Rural,0,0,0,,0,0,1.0,2,4,5.0,0
2021,205597644,0.720829671539341,Male,18.0,Secondary,5,1,Urban,1,0,1,,1,1,0.0,1,4,1.0,1
2021,127319139,0.898654468201683,Male,45.0,Tertiary+,5,0,Urban,1,1,1,,1,0,1.0,1,4,2.0,1
2021,152752205,0.78307474178312,Female,48.0,Secondary,2,1,Rural,0,0,0,,0,0,0.0,2,4,5.0,0
2021,158968599,1.55055803155518,Male,16.0,Secondary,3,0,Urban,0,0,0,,1,1,0.0,2,4,2.0,0
2021,117768568,0.266955458856948,Female,30.0,Primary or less,5,1,Rural,0,0,0,,0,1,0.0,2,4,5.0,0
2021,178433870,0.266955458856948,Female,38.0,Secondary,1,1,Rural,1,0,1,,0,1,1.0,2,4,2.0,1
2021,178574012,0.704558846422013,Female,28.0,Secondary,3,1,Rural,1,0,1,,1,1,0.0,2,4,3.0,1
2021,202839189,0.405792307448713,Male,33.0,Primary or less,2,1,Rural,1,1,0,,0,0,1.0,2,4,5.0,0
2021,129357735,0.266955458856948,Male,30.0,Secondary,4,0,Urban,0,0,0,,0,0,1.0,2,4,5.0,0
2021,131166968,1.23981267292636,Male,20.0,Secondary,5,0,Urban,0,0,0,,1,1,1.0,1,4,1.0,0
2021,182513072,0.917168691153493,Female,41.0,Secondary,4,1,Rural,0,0,0,,0,1,0.0,2,4,5.0,0
2021,161349585,0.533844397449787,Female,40.0,Primary or less,3,0,Rural,0,0,0,,0,0,0.0,2,4,5.0,0
2021,170605737,0.759508025357603,Female,38.0,Secondary,4,1,Urban,1,1,1,,1,1,1.0,1,4,1.0,1
2021,203127659,0.782956961853692,Male,20.0,Primary or less,4,0,Rural,0,0,0,,0,1,0.0,2,4,5.0,0
2021,208671028,0.945522300333792,Female,26.0,Secondary,3,0,Urban,0,0,0,,0,0,1.0,2,4,1.0,0
2021,205755518,0.68204222002979,Female,75.0,Primary or less,4,0,Urban,0,0,0,,0,0,1.0,2,4,5.0,0
2021,126684525,2.16413138931622,Male,65.0,Primary or less,3,1,Rural,1,1,0,,1,1,1.0,2,1,5.0,1
2021,204380214,0.368431162410496,Male,30.0,Primary or less,2,0,Rural,0,0,0,,0,1,1.0,2,4,5.0,0
2021,210957297,0.530111331215395,Female,33.0,Tertiary+,4,1,Urban,1,1,1,,1,1,1.0,1,4,3.0,1
2021,193647176,1.70922781593047,Female,52.0,Primary or less,1,0,Rural,0,0,0,,0,1,0.0,2,4,3.0,0
2021,174665767,1.95739240463423,Male,19.0,Primary or less,3,1,Urban,0,0,0,,1,1,1.0,1,4,5.0,0
2021,119299534,1.72318328909604,Male,24.0,Primary or less,4,1,Urban,1,0,1,,1,1,1.0,1,4,1.0,1
2021,164629852,0.829544354292505,Male,24.0,Secondary,1,1,Rural,0,0,0,,0,0,1.0,2,4,1.0,0
2021,166574413,0.624363523224295,Male,20.0,Secondary,4,0,Urban,1,1,1,,1,0,1.0,1,4,1.0,1
2021,158666319,0.84756348656075,Male,20.0,Secondary,2,1,Urban,1,1,1,,1,1,1.0,1,4,1.0,1
2021,118109715,0.633751437961878,Male,18.0,Secondary,4,1,Urban,1,0,1,,1,1,1.0,1,4,1.0,1
2021,120471167,0.266955458856948,Female,42.0,Secondary,5,1,Urban,1,1,1,,1,1,1.0,1,4,1.0,1
2021,145408045,2.3748631308529,Male,16.0,Secondary,1,0,Rural,0,0,0,,0,0,1.0,2,4,5.0,0
2021,208698635,0.588863193060567,Female,16.0,Secondary,4,0,Rural,0,0,0,,0,1,1.0,2,4,5.0,0
2021,188814809,2.56753882665975,Female,33.0,Primary or less,3,1,Rural,1,0,1,,1,1,1.0,2,4,2.0,1
2021,131858099,0.523999920965614,Male,17.0,Secondary,3,0,Urban,1,0,1,,1,1,1.0,1,4,1.0,1
2021,137588775,1.35424012192062,Male,59.0,Primary or less,3,0,Rural,1,1,0,,0,0,1.0,2,4,5.0,1
2021,142927502,0.520157976451045,Male,28.0,Secondary,4,1,Urban,1,0,1,,1,0,1.0,1,4,4.0,1
2021,150086742,0.699608169630644,Female,40.0,Secondary,2,1,Rural,1,0,1,,0,1,1.0,2,2,1.0,1
2021,168075058,0.548787370310602,Male,32.0,Secondary,2,1,Urban,0,0,0,,1,1,1.0,2,4,1.0,0
2021,146675934,1.89877006339401,Female,42.0,Secondary,2,1,Rural,1,1,1,,1,1,1.0,2,4,1.0,1
2021,207855883,0.606105081450552,Female,40.0,Primary or less,2,1,Rural,1,1,1,,1,1,1.0,2,4,1.0,1
2021,210036262,0.440853665546462,Male,26.0,Secondary,5,0,Urban,1,0,1,,0,1,1.0,1,4,1.0,1
2021,161727277,1.95739240463423,Male,19.0,Primary or less,5,1,Urban,1,0,1,,1,0,0.0,2,4,5.0,1
2021,130135707,1.72318328909604,Male,19.0,Primary or less,5,1,Urban,0,0,0,,0,1,1.0,1,4,3.0,0
2021,208365330,2.65250609376179,Female,30.0,Primary or less,2,1,Urban,0,0,0,,1,1,0.0,2,4,2.0,0
2021,129152870,0.291558461932796,Male,18.0,Secondary,4,0,Urban,0,0,0,,0,0,0.0,1,4,1.0,0
2021,132549072,0.823181055465903,Male,25.0,Secondary,4,0,Rural,1,1,0,,1,1,1.0,2,4,1.0,1
2021,177418006,1.01101269464176,Male,30.0,Secondary,3,1,Rural,1,1,0,,1,1,0.0,1,4,4.0,1
2021,199638070,0.266955458856948,Female,69.0,Secondary,5,0,Urban,1,1,1,,1,1,1.0,1,4,2.0,1
2021,126275568,3.00413110804992,Female,16.0,Primary or less,4,1,Urban,1,0,1,,1,1,1.0,1,4,1.0,1
2021,167862524,0.406929398039833,Female,27.0,Primary or less,5,1,Rural,1,0,1,,1,0,1.0,1,4,1.0,1
2021,179726214,0.266955458856948,Male,32.0,Secondary,3,1,Urban,1,1,1,,1,1,1.0,1,4,1.0,1
2021,185079965,0.266955458856948,Female,46.0,Primary or less,4,1,Rural,0,0,0,,1,0,1.0,2,4,3.0,0
2021,181902946,0.554195342248205,Female,31.0,Secondary,1,0,Rural,0,0,0,,0,1,1.0,2,4,1.0,0
2021,210284982,0.414772177146252,Male,21.0,Primary or less,5,1,Rural,0,0,0,,0,0,0.0,2,4,5.0,0
2021,155080129,1.52969860340022,Female,44.0,Primary or less,2,1,Rural,0,0,0,,0,0,0.0,2,4,5.0,0
2021,129525319,0.266955458856948,Male,34.0,Secondary,3,0,Urban,1,0,1,,1,1,1.0,1,4,1.0,1
2021,200535484,0.368464406631195,Male,20.0,Secondary,5,1,Urban,1,0,1,,1,0,1.0,1,4,1.0,1
2021,164662905,3.00413110804992,Male,35.0,Primary or less,2,1,Urban,0,0,0,,1,1,1.0,2,4,4.0,0
2021,130765801,0.813139758789976,Female,30.0,Secondary,3,1,Urban,1,1,1,,1,1,1.0,1,4,1.0,1
2021,148160212,0.602596208705111,Female,22.0,Secondary,4,1,Urban,1,1,1,,1,1,1.0,1,4,1.0,1
2021,205142943,0.875116347090249,Male,27.0,Secondary,4,1,Urban,1,1,1,,1,1,1.0,1,4,1.0,1
2021,123326032,3.00413110804992,Male,54.0,Primary or less,1,0,Urban,0,0,0,,1,1,0.0,2,4,3.0,0
2021,148654114,0.505506347320878,Male,30.0,Secondary,4,1,Urban,1,0,1,,1,1,1.0,1,4,1.0,1
2021,183834610,0.57123870673523,Female,55.0,Primary or less,4,1,Rural,0,0,0,,1,1,0.0,2,4,3.0,0
2021,196690008,0.316875718980939,Male,19.0,Secondary,5,1,Urban,0,0,0,,0,0,0.0,2,4,5.0,0
2021,151281464,0.5836745978834,Male,35.0,Secondary,4,1,Rural,1,0,1,,1,1,1.0,1,4,1.0,1
2021,170738345,0.57123870673523,Female,57.0,Primary or less,1,1,Rural,0,0,0,,0,1,0.0,2,4,5.0,0
2021,165519853,1.54976584115795,Male,21.0,Secondary,4,0,Urban,0,0,0,,1,0,1.0,1,4,5.0,0
2021,129905110,0.981438655100945,Female,18.0,Secondary,1,0,Rural,0,0,0,,0,1,1.0,2,4,5.0,0
2021,160796823,0.626998025285969,Female,36.0,Secondary,5,1,Urban,1,1,1,,1,1,1.0,1,4,1.0,1
2021,205959222,2.01682092722698,Male,46.0,Primary or less,1,0,Urban,0,0,0,,0,0,1.0,2,4,5.0,0
2021,205378753,0.550890363572638,Female,35.0,Secondary,4,1,Urban,1,0,1,,1,0,1.0,1,4,1.0,1
2021,193024175,1.29585674934666,Male,47.0,Primary or less,3,1,Urban,0,0,0,,0,0,1.0,2,4,5.0,0
2021,134044416,0.819724591368821,Male,16.0,Primary or less,4,1,Rural,0,0,0,,0,0,0.0,2,4,5.0,0
2021,138388230,0.554195342248205,Female,30.0,Secondary,1,1,Urban,1,1,1,,1,1,1.0,1,4,1.0,1
2021,175926986,1.02710820016216,Female,22.0,Secondary,5,1,Urban,1,0,1,,1,1,1.0,1,4,1.0,1
2021,113786673,1.2637658683022,Male,27.0,Secondary,3,1,Urban,1,0,1,,1,0,1.0,2,4,1.0,1
2021,197213489,2.2082570496651,Female,21.0,Secondary,5,1,Urban,1,0,1,,1,1,1.0,2,4,1.0,1
2021,144524431,1.15719802786907,Male,33.0,Primary or less,1,1,Rural,1,0,1,,1,1,1.0,2,4,1.0,1
2021,181691290,0.805692665842827,Male,15.0,Secondary,4,0,Urban,0,0,0,,0,0,0.0,2,4,3.0,0
2021,188862138,0.368464406631195,Male,24.0,Secondary,3,1,Urban,1,0,1,,1,1,1.0,1,4,1.0,1
2021,201181681,2.30798787453488,Female,17.0,Primary or less,5,1,Urban,1,0,1,,1,0,1.0,1,4,1.0,1
2021,176272141,0.811584614897426,Male,28.0,Primary or less,1,0,Rural,0,0,0,,0,0,1.0,2,4,5.0,0
2021,143984698,2.04925957254297,Male,55.0,Primary or less,2,0,Rural,0,0,0,,1,1,0.0,2,4,3.0,0
2021,111995598,0.405290458407325,Female,47.0,Secondary,4,1,Urban,1,1,1,,1,1,1.0,2,4,1.0,1
2021,189107894,0.266955458856948,Male,32.0,Secondary,4,0,Rural,1,0,1,,0,1,1.0,1,4,1.0,1
2021,187465364,1.0270155306639,Female,25.0,Primary or less,1,1,Rural,0,0,0,,1,1,1.0,2,4,1.0,0
2021,171533497,0.631434886813266,Female,33.0,Secondary,5,1,Urban,1,1,0,,1,0,1.0,1,4,1.0,1
2021,134744395,1.74043647919483,Female,18.0,Secondary,5,1,Urban,1,1,1,,1,1,1.0,1,4,1.0,1
2021,126634779,2.88240514090494,Male,22.0,Primary or less,4,1,Urban,0,0,0,,0,0,0.0,2,4,5.0,0
2021,209779963,0.359461787280674,Male,48.0,Secondary,5,1,Urban,1,1,1,,1,0,1.0,1,4,2.0,1
2021,146838034,2.43137699929115,Male,18.0,Primary or less,2,1,Urban,0,0,0,,0,0,1.0,2,4,5.0,0
2021,201316232,0.764882574880061,Female,31.0,Secondary,3,1,Urban,1,0,1,,1,1,1.0,1,4,5.0,1
2021,133202307,0.841191260924094,Female,66.0,Primary or less,4,1,Rural,0,0,0,,0,0,1.0,2,4,4.0,0
2021,153939422,0.495389527194575,Female,36.0,Secondary,3,1,Urban,0,0,0,,0,0,1.0,2,4,5.0,0
2021,165583475,0.929859504694768,Male,21.0,Secondary,2,1,Urban,0,0,0,,0,1,1.0,1,4,2.0,0
2021,179430714,1.95739240463423,Male,20.0,Primary or less,1,1,Rural,0,0,0,,1,1,1.0,2,4,5.0,0
2021,161724755,1.76660563973208,Female,18.0,Secondary,5,0,Urban,1,1,1,,1,1,1.0,1,4,4.0,1
2021,204877531,0.929859504694767,Male,16.0,Secondary,4,0,Urban,0,0,0,,0,0,0.0,1,4,3.0,0
2021,200590011,0.929859504694767,Male,22.0,Secondary,4,1,Urban,0,0,0,,0,0,1.0,2,4,2.0,0
2021,112298362,0.669160321167091,Female,50.0,Secondary,5,1,Urban,1,0,1,,1,1,1.0,2,4,2.0,1
2021,208242937,0.339196311833603,Male,25.0,Secondary,5,0,Urban,1,1,1,,1,1,1.0,1,4,1.0,1
2021,123158109,1.0270155306639,Female,33.0,Primary or less,2,0,Rural,0,0,0,,0,0,0.0,2,4,5.0,0
2021,172419240,0.266955458856948,Female,35.0,Secondary,5,1,Urban,1,1,1,,1,1,1.0,1,4,1.0,1
2021,123906859,0.508794467750405,Male,33.0,Secondary,4,1,Urban,1,1,0,,1,0,1.0,1,4,2.0,1
2021,160399159,1.54976584115795,Male,24.0,Secondary,3,1,Urban,0,0,0,,0,0,1.0,1,4,5.0,0
2021,157009994,1.09752699498932,Male,41.0,Primary or less,1,1,Rural,0,0,0,,0,1,1.0,2,4,5.0,0
2021,117481973,0.911767641863919,Female,18.0,Secondary,2,1,Urban,0,0,0,,0,0,1.0,2,4,5.0,0
2021,152617891,0.816697803523731,Male,30.0,Primary or less,1,1,Urban,0,0,0,,0,1,0.0,2,4,5.0,0
2021,184712021,0.301298104352555,Female,24.0,Secondary,4,1,Rural,1,1,0,,0,1,1.0,1,4,1.0,1
2021,188878399,0.583116923865593,Male,17.0,Secondary,2,1,Urban,1,1,0,,1,0,1.0,1,4,5.0,1
2021,178682242,0.651466646301679,Female,17.0,Secondary,3,0,Rural,1,0,1,,0,0,1.0,2,4,5.0,1
2021,198167785,0.386566667564047,Female,42.0,Secondary,5,1,Rural,1,0,1,,1,0,1.0,1,4,3.0,1
2021,185359254,1.32495422979906,Female,16.0,Secondary,5,1,Urban,1,0,1,,1,1,0.0,2,4,5.0,1
2021,118817009,0.540622253654506,Male,21.0,Secondary,4,0,Urban,1,0,1,,0,1,1.0,1,4,1.0,1
2021,124050224,0.688670689319492,Male,35.0,Secondary,2,1,Urban,0,0,0,,0,1,1.0,2,4,5.0,0
2021,140830123,0.785150924080756,Female,15.0,Primary or less,2,0,Rural,0,0,0,,0,0,1.0,1,4,6.0,0
2021,147517900,2.5494976723337,Female,35.0,Primary or less,3,1,Rural,0,0,0,,1,1,1.0,1,4,1.0,0
2021,119325635,1.92866337978178,Male,30.0,Primary or less,4,0,Rural,0,0,0,,0,1,0.0,2,4,5.0,0
2021,117856792,0.649587178639006,Male,36.0,Secondary,5,1,Urban,0,0,0,,1,1,1.0,1,4,1.0,0
2021,153481416,0.266955458856948,Male,20.0,Secondary,2,1,Urban,0,0,0,,0,0,0.0,2,4,5.0,0
2021,187051741,0.699266713371485,Male,45.0,Secondary,1,1,Rural,1,1,0,,0,1,1.0,2,4,5.0,0
2021,192110496,1.65795530363658,Male,28.0,Primary or less,5,1,Urban,1,0,1,,1,0,1.0,2,4,1.0,1
2021,207611516,0.526179995634073,Female,61.0,Secondary,5,0,Urban,1,1,0,,0,1,1.0,2,1,5.0,1
2021,202146881,1.45779230966398,Male,22.0,Secondary,4,1,Urban,0,0,0,,1,1,1.0,1,4,4.0,0
2021,173312373,1.69935837711711,Male,35.0,Primary or less,1,1,Urban,1,0,1,,1,0,1.0,3,4,5.0,1
2021,129129017,1.28388525020269,Female,24.0,Secondary,4,1,Urban,1,1,1,,1,1,1.0,1,4,1.0,1
2021,189258314,0.736862324820991,Male,30.0,Primary or less,2,0,Rural,0,0,0,,0,1,0.0,2,4,5.0,0
2021,156932788,1.69935837711711,Male,36.0,Primary or less,2,1,Urban,0,0,0,,1,0,1.0,2,4,5.0,0
2021,127830601,0.819724591368821,Male,20.0,Primary or less,4,1,Rural,0,0,0,,0,1,1.0,2,4,6.0,0
2021,145336617,0.570461214249554,Male,30.0,Primary or less,3,1,Urban,0,0,0,,0,0,0.0,2,4,5.0,0
2021,182052479,0.54418757713167,Female,45.0,Primary or less,4,1,Rural,0,0,0,,0,1,1.0,2,4,3.0,0
2021,146238317,0.516503016989619,Male,35.0,Secondary,5,1,Urban,0,0,0,,0,0,1.0,1,4,3.0,0
2021,115715238,0.610130471481782,Female,39.0,Secondary,5,1,Rural,1,1,1,,1,1,1.0,1,4,1.0,1
2021,179188784,3.00413110804992,Female,29.0,Primary or less,5,1,Urban,1,1,1,,1,1,0.0,1,4,1.0,1
2021,166610167,0.525911166779381,Female,59.0,Secondary,5,1,Urban,1,1,1,,1,1,1.0,1,4,1.0,1
2021,152821195,0.736862324820991,Male,28.0,Primary or less,5,1,Urban,1,0,1,,0,1,1.0,2,4,5.0,1
2021,206777558,0.28146603191965,Male,25.0,Secondary,3,1,Urban,1,0,1,,1,0,0.0,1,4,4.0,1
2021,203524457,1.19612810988733,Female,60.0,Primary or less,3,1,Rural,1,1,0,,1,0,1.0,1,4,5.0,1
2021,134437727,0.981438655100945,Female,16.0,Secondary,2,1,Rural,0,0,0,,1,1,1.0,1,4,1.0,0
2021,158027103,2.99685742058846,Female,48.0,Primary or less,1,0,Rural,0,0,0,,0,0,1.0,2,4,2.0,0
2021,182878569,1.02752697747456,Female,17.0,Primary or less,1,1,Rural,0,0,0,,1,0,0.0,2,4,3.0,0
2021,115487822,1.21737692234614,Male,30.0,Primary or less,2,1,Rural,0,0,0,,0,0,1.0,2,4,5.0,0
2021,178553601,0.868211351626647,Female,45.0,Secondary,5,0,Urban,1,1,0,,1,1,1.0,1,4,5.0,0
2021,170038148,2.99032027471832,Female,61.0,Primary or less,1,0,Rural,0,0,0,,0,0,0.0,2,4,5.0,0
2021,149945566,0.583410898060166,Male,32.0,Secondary,4,1,Urban,0,0,0,,1,1,1.0,2,4,3.0,0
2021,181290359,0.596440903762601,Male,30.0,Secondary,5,1,Urban,1,1,0,,1,1,0.0,1,4,5.0,1
2021,144491488,0.583410898060166,Male,30.0,Secondary,1,0,Urban,1,0,1,,0,0,1.0,1,4,5.0,1
2021,188594960,1.60153319234936,Female,37.0,Primary or less,1,1,Rural,0,0,0,,1,1,0.0,2,4,3.0,0
2021,203809667,0.85808959753007,Female,28.0,Secondary,3,0,Urban,0,0,0,,0,0,1.0,2,4,3.0,0
2021,187037450,0.866826024801265,Male,57.0,Secondary,5,0,Urban,1,1,0,,0,0,1.0,1,4,2.0,0
2021,191141832,0.315439062229784,Female,72.0,Secondary,5,1,Rural,0,0,0,,1,0,1.0,2,3,1.0,0
2021,167139892,1.09029059480418,Male,20.0,Secondary,4,1,Urban,1,0,1,,1,1,1.0,1,4,1.0,1
2021,126831034,0.611548175294804,Male,32.0,Primary or less,3,1,Rural,1,0,1,,0,1,1.0,1,4,1.0,1
2021,174518168,0.413983347892767,Male,18.0,Secondary,5,1,Urban,1,0,1,,1,0,1.0,1,4,1.0,1
2021,176322550,1.75591193706034,Female,40.0,Primary or less,4,1,Urban,0,0,0,,1,1,1.0,2,4,2.0,0
2021,113864947,0.539008753995635,Male,48.0,Secondary,4,1,Rural,1,1,1,,1,1,1.0,2,4,1.0,1
2021,160827015,2.41468578487073,Male,35.0,Primary or less,5,1,Rural,1,1,0,,1,1,1.0,1,4,1.0,1
2021,191189791,1.67290080291773,Female,46.0,Secondary,3,0,Urban,1,1,0,,0,1,1.0,1,4,5.0,1
2021,208438315,0.349333280643743,Male,22.0,Primary or less,5,1,Rural,0,0,0,,1,0,1.0,2,4,3.0,0
2021,179788136,0.919669760137262,Female,33.0,Primary or less,1,1,Rural,0,0,0,,0,1,1.0,2,4,5.0,0
2021,133838316,0.34992713257206,Male,26.0,Secondary,2,1,Rural,1,1,1,,1,1,1.0,2,4,5.0,1
2021,176284717,0.875563678389091,Male,25.0,Primary or less,4,1,Rural,1,1,1,,1,1,1.0,1,4,1.0,1
2021,165541701,1.05182233355876,Female,67.0,Secondary,4,1,Urban,1,1,0,,1,1,1.0,1,1,1.0,1
2021,203479703,1.2419500436783,Male,21.0,Secondary,3,0,Urban,1,1,1,,1,1,1.0,1,4,1.0,1
2021,135558277,0.704518789578141,Female,41.0,Secondary,4,1,Rural,1,1,1,,1,0,1.0,1,4,1.0,1
2021,189870158,0.973779476881386,Female,16.0,Secondary,2,1,Rural,1,1,1,,1,1,1.0,1,4,2.0,1
2021,169404199,2.06991673946384,Male,19.0,Secondary,2,1,Urban,1,1,0,,1,0,1.0,2,4,1.0,1
2021,199058147,1.18130732784173,Female,18.0,Secondary,2,0,Rural,1,1,0,,1,1,1.0,1,4,1.0,1
2021,128922374,0.76488257488006,Female,31.0,Secondary,2,1,Urban,1,1,1,,0,1,1.0,1,4,1.0,1
2021,147845888,0.598064054943664,Female,57.0,Primary or less,3,1,Rural,0,0,0,,0,1,1.0,2,4,3.0,0
2021,155116879,3.00413110804992,Male,67.0,Primary or less,2,0,Rural,1,1,1,,1,0,1.0,2,4,1.0,1
2021,169743824,1.72801190577713,Female,16.0,Secondary,5,1,Urban,1,0,1,,1,1,0.0,1,4,1.0,1
2021,151650430,0.855830454203179,Female,25.0,Secondary,5,0,Rural,0,0,0,,0,0,0.0,2,4,5.0,0
2021,180786793,0.652452073292042,Male,21.0,Secondary,4,1,Rural,1,1,0,,1,1,1.0,2,4,1.0,1
2021,166350854,0.266955458856948,Male,25.0,Secondary,4,0,Rural,1,1,0,,0,1,1.0,1,4,1.0,1
2021,124868661,1.01979906893348,Female,35.0,Primary or less,2,1,Rural,0,0,0,,0,1,1.0,2,4,5.0,0
2021,137362797,1.62309854198717,Male,56.0,Primary or less,5,1,Rural,1,0,1,,0,1,1.0,1,4,1.0,1
2021,158916439,0.342933321302803,Male,23.0,Primary or less,4,1,Rural,1,0,1,,1,0,1.0,1,4,1.0,1
2021,205354282,0.483319884162175,Female,29.0,Secondary,5,1,Urban,0,0,0,,1,1,1.0,1,4,3.0,0
2021,143106674,0.339196311833603,Male,29.0,Secondary,5,1,Urban,0,0,0,,0,0,1.0,2,4,5.0,0
2021,151808334,0.973779476881386,Female,16.0,Primary or less,4,1,Urban,0,0,0,,0,0,1.0,2,4,5.0,0
2021,118306796,0.768294155897771,Female,45.0,Secondary,4,1,Urban,1,1,1,,1,0,1.0,1,4,5.0,1
2021,163762762,0.583410898060166,Male,25.0,Secondary,5,0,Urban,1,0,1,,1,1,1.0,1,4,1.0,1
2021,134607280,1.5843785949047,Male,19.0,Secondary,2,1,Urban,0,0,0,,1,0,1.0,1,4,2.0,0
2021,137315289,0.921161016577988,Male,22.0,Secondary,5,0,Urban,1,1,0,,1,1,1.0,1,4,1.0,1
2021,146247937,0.778535150419055,Male,58.0,Primary or less,3,1,Rural,1,0,1,,1,1,1.0,1,4,1.0,1
2021,129578164,0.55772538918044,Male,23.0,Secondary,5,1,Rural,1,0,1,,1,0,1.0,1,4,1.0,1
2021,128213328,0.959455831159833,Female,45.0,Tertiary+,5,1,Rural,1,0,1,,1,0,1.0,1,4,3.0,1
2021,139965652,0.266955458856948,Female,16.0,Primary or less,5,1,Urban,1,1,1,,1,1,1.0,1,4,1.0,1
2021,161749930,0.874817831430149,Male,32.0,Secondary,1,1,Rural,1,0,1,,1,1,1.0,1,4,5.0,1
2021,198731472,0.825459326447049,Female,37.0,Secondary,5,1,Urban,0,0,0,,0,1,0.0,2,4,3.0,0
2021,180245054,1.14247741347046,Female,63.0,Primary or less,2,0,Rural,0,0,0,,1,1,0.0,2,4,5.0,0
2021,206141069,0.857333303257008,Male,15.0,Primary or less,1,0,Urban,0,0,0,,1,1,1.0,2,4,5.0,0
2021,161333284,1.12294909495285,Female,24.0,Secondary,3,1,Rural,0,0,0,,1,1,1.0,1,4,5.0,0
2021,118018025,0.769778575589916,Female,24.0,Secondary,4,1,Rural,1,0,1,,1,0,1.0,1,4,1.0,1
2021,167911001,0.857333303257008,Male,18.0,Secondary,5,1,Urban,0,0,0,,1,1,1.0,1,4,3.0,0
2021,140485647,1.71862665860542,Male,45.0,Primary or less,4,1,Urban,1,1,1,,1,1,1.0,1,4,1.0,1
2021,156731480,3.00413110804992,Female,21.0,Primary or less,5,0,Urban,1,0,1,,1,0,1.0,1,4,2.0,1
2021,191452946,0.955939352838244,Female,17.0,Primary or less,2,1,Rural,0,0,0,,1,1,1.0,2,4,1.0,0
2021,190257245,2.06364831611762,Female,40.0,Secondary,5,1,Urban,1,1,1,,1,1,1.0,1,4,2.0,1
2021,149075475,1.54623636773154,Male,48.0,Primary or less,1,1,Rural,1,1,0,,1,1,1.0,2,4,1.0,1
2021,186491239,0.611399939571129,Male,29.0,Primary or less,1,1,Rural,0,0,0,,1,0,1.0,2,4,1.0,0
2021,197461608,1.63339560704746,Male,34.0,Primary or less,4,1,Urban,1,1,1,,1,1,1.0,2,4,1.0,1
2021,174957136,0.766044547628649,Male,35.0,Primary or less,2,0,Rural,0,0,0,,0,0,0.0,2,4,5.0,0
2021,139085598,1.10529348723149,Male,27.0,Primary or less,2,1,Rural,1,0,1,,1,1,1.0,2,4,1.0,1
2021,111378971,1.10529348723149,Male,26.0,Primary or less,1,0,Rural,0,0,0,,0,1,0.0,2,4,4.0,0
2021,188654106,2.72093788565835,Female,46.0,Primary or less,1,1,Urban,0,0,0,,0,1,1.0,2,4,1.0,0
2021,139184444,1.91511136907162,Male,38.0,Primary or less,1,0,Rural,0,0,0,,0,0,0.0,2,4,5.0,0
2021,115217201,0.508794467750405,Male,25.0,Tertiary+,5,1,Urban,1,0,1,,1,1,1.0,1,4,1.0,1
2021,132888762,1.02752697747456,Female,18.0,Secondary,2,1,Rural,1,1,0,,1,1,0.0,2,4,3.0,1
2021,205045951,0.266955458856948,Male,34.0,,3,0,Urban,0,0,0,,0,0,1.0,1,4,5.0,0
2021,209782317,0.654183889067583,Male,28.0,Secondary,4,1,Urban,1,0,1,,1,1,0.0,2,4,1.0,1
2021,154544359,1.07524414140175,Female,32.0,Primary or less,4,1,Rural,0,0,0,,0,1,1.0,2,4,5.0,0
2021,194492450,0.324793589319503,Male,43.0,Secondary,4,1,Urban,1,1,0,,0,1,1.0,2,3,3.0,0
2021,116129872,0.888374898193238,Male,39.0,Secondary,5,0,Urban,0,0,0,,1,0,1.0,1,4,1.0,0
2021,114526907,0.550301214692095,Female,35.0,Primary or less,2,1,Rural,1,1,1,,1,1,1.0,1,4,1.0,1
2021,155056115,0.84756348656075,Male,22.0,Secondary,2,1,Urban,0,0,0,,1,1,1.0,1,4,1.0,0
2021,140566598,2.06364831611762,Female,36.0,Secondary,5,1,Urban,0,0,0,,1,1,0.0,1,4,3.0,0
2021,171127569,0.588863193060567,Female,17.0,Primary or less,1,1,Rural,0,0,0,,0,0,0.0,2,4,5.0,0
2021,112590430,1.29800135227826,Male,61.0,Secondary,5,0,Urban,1,0,1,,0,0,1.0,1,4,5.0,1
2021,158695472,0.659843962714212,Male,32.0,Secondary,3,1,Urban,1,0,1,,1,1,1.0,2,4,1.0,1
2021,133670760,0.369463561498803,Female,33.0,Secondary,4,1,Rural,1,1,0,,0,1,0.0,2,4,5.0,0
2021,117130118,0.875116347090248,Male,28.0,Primary or less,4,1,Urban,1,0,1,,0,1,1.0,1,4,2.0,1
2021,154598539,1.22958688705323,Male,24.0,Primary or less,1,1,Rural,0,0,0,,1,1,0.0,2,4,3.0,0
2021,142690874,1.01101269464176,Male,28.0,Secondary,2,1,Rural,1,0,1,,1,1,1.0,2,4,1.0,1
2021,205201345,3.00413110804992,Female,48.0,Primary or less,3,1,Urban,1,1,0,,0,1,1.0,2,4,5.0,1
2021,168630685,0.704161862673467,Male,18.0,Secondary,1,1,Urban,1,1,0,,1,1,0.0,1,4,4.0,1
2021,144502189,0.633751437961878,Male,20.0,Primary or less,5,0,Urban,1,0,1,,1,1,1.0,1,4,1.0,1
2021,166298712,0.46741379580392,Male,15.0,Secondary,1,1,Rural,0,0,0,,1,0,0.0,2,4,5.0,0
2021,175085672,1.54623636773154,Male,45.0,Primary or less,3,1,Urban,1,1,0,,1,1,1.0,1,4,1.0,1
2021,142719178,0.903062188325315,Female,47.0,Primary or less,5,1,Rural,0,0,0,,1,0,1.0,2,4,1.0,0
2021,111933500,1.01979906893348,Female,37.0,Primary or less,2,1,Rural,1,0,1,,1,0,1.0,2,4,5.0,1
2021,116183731,0.436804987348368,Male,42.0,Primary or less,1,1,Rural,0,0,0,,0,1,1.0,2,4,1.0,0
2021,131000676,2.2082570496651,Female,16.0,Secondary,5,1,Urban,1,0,1,,0,1,1.0,1,4,5.0,1
2021,206832610,3.00413110804992,Female,28.0,Primary or less,4,1,Rural,0,0,0,,1,1,1.0,2,4,5.0,0
2021,119750726,0.266955458856948,Female,36.0,Secondary,3,1,Rural,1,0,1,,0,0,0.0,2,4,2.0,1
2021,188608170,0.773746914028157,Male,40.0,Secondary,5,1,Urban,1,1,1,,0,1,1.0,1,4,1.0,1
2021,171856242,0.368464406631195,Male,23.0,Secondary,5,1,Urban,0,0,0,,1,0,1.0,2,4,1.0,0
2021,118075647,0.63207560281192,Male,45.0,Secondary,4,1,Urban,0,0,0,,0,0,1.0,1,4,2.0,0
2021,119812493,1.15296205636197,Male,20.0,Primary or less,3,1,Urban,1,1,1,,0,1,1.0,1,4,1.0,1
2021,119782142,0.275580590929003,Male,38.0,Secondary,4,1,Rural,0,0,0,,1,1,1.0,2,4,5.0,0
2021,187279786,0.699608169630644,Female,38.0,Secondary,1,1,Rural,0,0,0,,1,1,1.0,2,4,1.0,0
2021,127677517,0.266955458856948,Male,21.0,Secondary,1,0,Rural,0,0,0,,0,1,1.0,2,4,4.0,0
2021,185181312,0.722072343348338,Male,21.0,Secondary,4,1,Urban,1,1,1,,1,0,1.0,1,4,1.0,1
2021,149872026,0.596440903762601,Male,27.0,Secondary,4,0,Urban,0,0,0,,0,1,1.0,1,4,5.0,0
2021,128150642,0.270119751583677,Female,35.0,Secondary,3,1,Rural,0,0,0,,0,0,1.0,2,4,5.0,0
2021,198003928,0.688670689319492,Male,43.0,Secondary,5,1,Urban,0,0,0,,0,0,1.0,1,4,2.0,0
2021,198888711,0.28904820701748,Female,19.0,Secondary,2,0,Urban,0,0,0,,0,0,1.0,2,4,5.0,0
2021,154240748,0.319066120652105,Male,30.0,Secondary,4,0,Urban,1,1,0,,1,1,1.0,1,4,1.0,1
2021,115199040,0.936545284836443,Male,18.0,Secondary,3,1,Urban,1,0,1,,1,1,1.0,1,4,1.0,1
2021,113327098,0.883302819866038,Female,24.0,Secondary,5,1,Urban,1,1,1,,1,0,1.0,1,4,4.0,1
2021,192636939,1.13116110821655,Female,30.0,Primary or less,2,1,Rural,0,0,0,,0,0,1.0,2,4,5.0,0
2021,188700838,0.57699696863372,Female,20.0,Secondary,5,0,Urban,1,1,0,,1,0,0.0,2,4,5.0,0
2021,140181908,1.94211685257116,Male,15.0,Primary or less,3,0,Urban,0,0,0,,0,0,0.0,2,4,5.0,0
2021,191310674,0.266955458856948,Male,30.0,Secondary,5,1,Rural,1,0,1,,1,0,1.0,1,4,1.0,1
2021,157055804,0.633751437961878,Male,20.0,Secondary,2,1,Urban,1,0,1,,0,0,1.0,1,4,5.0,1
2021,113706804,0.766044547628649,Male,35.0,Primary or less,1,1,Rural,0,0,0,,1,0,1.0,2,4,5.0,0
2021,166714521,0.436116237921671,Male,19.0,Secondary,3,0,Urban,0,0,0,,0,0,1.0,2,4,5.0,0
2021,147957058,0.596440903762601,Male,30.0,Secondary,4,0,Urban,1,0,1,,0,1,1.0,1,4,2.0,1
2021,140550751,1.80151416536406,Male,50.0,Primary or less,4,1,Rural,1,0,1,,1,1,1.0,2,4,1.0,1
2021,135242471,0.342933321302803,Male,22.0,Primary or less,4,1,Urban,0,0,0,,1,1,1.0,2,4,5.0,0
2021,195346713,0.291558461932796,Male,24.0,Primary or less,5,1,Rural,1,1,1,,1,1,0.0,2,1,1.0,1
2021,138365938,0.819724591368821,Male,20.0,Primary or less,1,1,Rural,0,0,0,,0,1,0.0,2,4,5.0,0
2021,129731689,1.73099090590116,Female,18.0,Secondary,4,1,Urban,1,1,1,,1,1,0.0,1,4,1.0,1
2021,160347773,1.22633547837497,Male,47.0,Primary or less,1,1,Rural,0,0,0,,0,0,0.0,2,4,5.0,0
2021,153607897,2.55645001339589,Female,25.0,Primary or less,3,1,Urban,0,0,0,,0,0,1.0,2,4,5.0,0
2021,198867922,1.84951852758714,Female,72.0,Secondary,4,0,Urban,0,0,0,,1,1,1.0,2,3,3.0,0
2021,206150547,1.0064017196995,Female,23.0,Secondary,5,0,Urban,0,0,0,,1,0,1.0,1,4,4.0,0
2021,198503174,0.952046911165243,Female,62.0,Secondary,2,1,Rural,0,0,0,,1,0,1.0,2,4,5.0,0
2021,113318635,0.40413639807795,Male,20.0,Secondary,5,0,Urban,0,0,0,,0,1,0.0,1,4,3.0,0
2021,167658034,0.972709184890361,Male,28.0,Primary or less,4,0,Rural,1,0,1,,1,1,1.0,2,4,1.0,1
2021,119984341,0.929859504694767,Male,22.0,Secondary,5,0,Urban,0,0,0,,1,0,1.0,1,4,5.0,0
2021,134117206,0.58370911892606,Male,29.0,Secondary,1,1,Rural,1,0,1,,1,0,1.0,2,4,5.0,1
2021,186622670,0.870513258383017,Female,20.0,Secondary,2,1,Urban,1,0,1,,1,1,1.0,1,4,1.0,1
2021,180477956,0.505946697847479,Female,21.0,Secondary,4,0,Urban,1,0,1,,1,1,1.0,1,4,1.0,1
2021,197298527,1.82921165831553,Male,38.0,Primary or less,1,1,Rural,0,0,0,,0,1,1.0,2,4,3.0,0
2021,189371565,0.674056055454722,Male,18.0,Primary or less,2,1,Urban,1,1,1,,1,0,1.0,1,4,1.0,1
2021,149720830,0.569005492470313,Male,23.0,Secondary,3,0,Rural,0,0,0,,0,0,1.0,1,4,5.0,0
2021,177621772,0.805881907256172,Male,40.0,Primary or less,1,0,Rural,0,0,0,,1,0,1.0,2,4,5.0,0
2021,139614444,0.294891710916482,Male,20.0,Primary or less,2,1,Rural,0,0,0,,1,1,1.0,2,4,3.0,0
2021,113579127,3.00413110804992,Male,45.0,Primary or less,1,1,Rural,0,0,0,,0,0,0.0,2,4,5.0,0
2021,136345079,1.08047900633471,Female,43.0,Secondary,5,1,Rural,1,1,0,,1,1,1.0,1,4,1.0,1
2021,135433481,0.607103856275247,Male,40.0,Primary or less,3,1,Rural,0,0,0,,0,1,1.0,2,4,3.0,0
2021,203837606,0.482937156974145,Male,35.0,Primary or less,2,1,Urban,1,0,1,,1,0,1.0,1,4,1.0,1
2021,125562473,0.318075147206716,Female,28.0,Secondary,5,1,Urban,0,0,0,,1,1,1.0,1,4,1.0,0
2021,111312099,0.738927122997606,Female,25.0,Primary or less,1,1,Rural,0,0,0,,1,1,0.0,2,4,5.0,0
2021,168458740,3.00413110804992,Female,48.0,Primary or less,1,1,Urban,1,0,1,,0,0,1.0,2,4,5.0,1
2021,204174641,2.40294634763957,Female,15.0,Primary or less,1,0,Urban,0,0,0,,1,1,0.0,2,4,3.0,0
2021,146238747,1.14247741347046,Female,60.0,Primary or less,1,0,Rural,0,0,0,,0,1,0.0,2,4,5.0,0
2021,189496955,1.15719802786907,Male,28.0,Primary or less,1,0,Rural,0,0,0,,0,0,0.0,2,4,5.0,0
2021,172908964,2.04931147842205,Male,16.0,Primary or less,3,1,Rural,0,0,0,,0,0,0.0,2,4,5.0,0
2021,127889711,0.866929960751742,Male,28.0,Secondary,3,1,Urban,1,0,1,,0,0,1.0,1,4,1.0,1
2021,165224523,0.782956961853692,Male,20.0,Primary or less,2,1,Urban,0,0,0,,1,1,0.0,2,4,5.0,0
2021,136369527,1.71375952707465,Female,21.0,Primary or less,2,0,Rural,0,0,0,,1,1,1.0,2,4,5.0,0
2021,206472740,0.266955458856948,Female,32.0,Secondary,5,0,Rural,1,1,1,,1,1,1.0,1,4,1.0,1
2021,146266239,0.860073196620249,Male,48.0,Primary or less,2,1,Rural,0,0,0,,0,0,0.0,2,4,5.0,0
2021,153543241,0.436116237921671,Male,22.0,Primary or less,4,1,Urban,1,0,1,,0,0,0.0,2,4,2.0,1
2021,149161890,0.525911166779381,Female,60.0,Secondary,5,1,Urban,1,1,1,,1,1,0.0,2,4,2.0,1
2021,137148336,0.874675385798389,Male,23.0,Primary or less,1,0,Rural,0,0,0,,0,0,1.0,1,4,5.0,0
2021,114727916,0.40339231449005,Male,25.0,Secondary,1,1,Rural,0,0,0,,0,1,1.0,1,4,5.0,0
2021,180000926,1.54566778012763,Male,52.0,Secondary,4,1,Urban,1,1,1,,1,0,1.0,1,4,2.0,1
2021,190690217,0.390353500401167,Male,30.0,Primary or less,1,0,Urban,0,0,0,,0,1,0.0,2,4,5.0,0
2021,202927043,0.2982204518813,Male,33.0,Secondary,5,1,Urban,0,0,0,,0,0,1.0,2,4,1.0,0
2021,175769491,0.386813556467066,Female,30.0,Secondary,2,1,Rural,0,0,0,,1,1,1.0,2,4,1.0,0
2021,178827384,1.62316922979485,Male,28.0,Primary or less,2,0,Rural,0,0,0,,0,0,1.0,2,4,5.0,0
2021,204153541,0.483319884162175,Female,31.0,Tertiary+,5,1,Urban,1,1,1,,0,1,1.0,1,4,1.0,1
2021,154325076,0.338128906444538,Male,54.0,Secondary,3,1,Rural,1,1,1,,1,1,1.0,1,4,1.0,1
2021,137862958,0.266955458856948,Female,31.0,Secondary,5,1,Urban,1,1,1,,1,1,1.0,1,1,1.0,1
2021,113529743,2.06991673946384,Male,15.0,Secondary,4,0,Urban,1,0,1,,0,1,0.0,1,4,3.0,1
2021,111488003,0.266955458856948,Male,26.0,Secondary,5,0,Urban,1,1,1,,0,1,1.0,1,4,1.0,1
2021,179305793,1.95739240463423,Male,20.0,Primary or less,1,1,Urban,0,0,0,,1,1,1.0,1,4,5.0,0
2021,164378403,0.277892565854927,Female,23.0,Secondary,5,0,Urban,0,0,0,,1,1,1.0,1,4,2.0,0
2021,196757383,1.35424012192062,Male,63.0,Primary or less,4,1,Rural,0,0,0,,1,1,0.0,2,4,3.0,0
2021,206705711,0.449858068136253,Male,38.0,Secondary,4,1,Urban,0,0,0,,1,1,1.0,2,4,2.0,0
2021,196548306,0.945522300333792,Female,29.0,Tertiary+,5,1,Urban,1,1,1,,1,1,1.0,1,4,1.0,1
2021,180473222,0.619906336463179,Male,24.0,Secondary,1,1,Urban,1,0,1,,0,1,1.0,2,4,4.0,1
2021,198429098,2.45009341057119,Male,26.0,Primary or less,1,0,Urban,0,0,0,,0,1,1.0,1,4,5.0,0
2021,146393626,1.68238252184819,Female,62.0,Primary or less,5,1,Urban,1,1,0,,1,1,1.0,2,4,4.0,0
2021,130590994,0.727464610210371,Male,17.0,Secondary,1,1,Urban,1,1,1,,1,1,1.0,1,4,1.0,1
2021,207869058,2.0540310613278,Female,25.0,Primary or less,1,1,Rural,0,0,0,,0,0,0.0,2,4,5.0,0
2021,171877971,0.390353500401167,Male,26.0,Secondary,5,1,Rural,0,0,0,,0,0,1.0,2,4,5.0,0
2021,148055430,2.28823574666515,Male,30.0,Primary or less,1,1,Rural,1,1,1,,1,1,1.0,2,4,1.0,1
2021,201616409,0.339196311833603,Male,29.0,Secondary,4,0,Urban,0,0,0,,1,1,0.0,2,4,5.0,0
2021,154163742,0.383634654893349,Male,25.0,Secondary,2,1,Rural,1,1,1,,1,1,1.0,1,4,1.0,1
2021,116539698,0.436804987348368,Male,35.0,Secondary,4,0,Rural,1,0,1,,1,0,1.0,1,4,1.0,1
2021,113008281,0.410440982868734,Male,34.0,Secondary,3,0,Urban,0,0,0,,1,1,1.0,2,4,1.0,0
2021,186913316,0.266955458856948,Female,33.0,Secondary,5,1,Urban,1,0,1,,1,0,1.0,1,4,1.0,1
2021,203630612,1.86663278272544,Female,49.0,Secondary,4,1,Urban,1,1,1,,1,1,1.0,2,4,1.0,1
2021,206664018,0.923658903747008,Female,28.0,Secondary,4,0,Rural,0,0,0,,0,0,0.0,2,4,5.0,0
2021,210322091,0.974705623887698,Male,20.0,Secondary,3,1,Rural,1,0,1,,1,1,1.0,1,4,1.0,1
2021,117921641,0.363006253440392,Male,20.0,Secondary,3,0,Urban,1,0,1,,1,1,1.0,1,4,1.0,1
2021,173304082,1.89106599494968,Male,55.0,Primary or less,3,1,Rural,1,1,0,,1,0,1.0,2,4,1.0,1
2021,175756995,3.00413110804992,Female,62.0,Primary or less,4,1,Rural,1,0,1,,1,1,1.0,2,4,1.0,1
2021,140843652,0.875116347090249,Male,29.0,Secondary,4,1,Urban,1,1,1,,1,1,1.0,1,4,1.0,1
2021,147731677,0.451947156528832,Female,16.0,Secondary,4,1,Urban,1,0,1,,1,1,1.0,1,4,1.0,1
2021,180192019,0.771465351912713,Male,33.0,Primary or less,1,0,Rural,0,0,0,,1,1,0.0,2,4,5.0,0
2021,163618177,0.754660690967089,Male,55.0,Secondary,5,0,Urban,1,1,0,,0,1,1.0,1,4,2.0,1
2021,154075652,0.387610629419304,Male,40.0,Secondary,4,1,Rural,1,0,1,,1,1,1.0,2,4,1.0,1
2021,129633328,1.45852724515041,Male,32.0,Secondary,2,0,Urban,1,0,1,,0,0,1.0,1,3,1.0,1
2021,141488136,2.70918656497595,Female,45.0,Primary or less,3,1,Rural,0,0,0,,1,1,1.0,2,4,3.0,0
2021,135988135,0.855830454203179,Female,33.0,Secondary,5,1,Rural,0,0,0,,0,0,1.0,1,4,5.0,0
2021,143851681,1.23866594298358,Male,45.0,Secondary,1,0,Urban,0,0,0,,0,0,1.0,2,4,1.0,0
2021,166289306,0.680136376424295,Male,60.0,Primary or less,5,1,Rural,0,0,0,,1,0,1.0,2,2,5.0,0
2021,184737395,1.54623636773154,Male,48.0,Primary or less,3,1,Rural,1,0,1,,1,1,1.0,2,4,1.0,1
2021,151107645,1.19980943118504,Female,40.0,Secondary,3,1,Urban,1,1,0,,0,1,0.0,1,4,2.0,1
2021,190282646,3.00413110804992,Male,50.0,Primary or less,2,0,Urban,0,0,0,,0,1,1.0,2,4,5.0,0
2021,131228904,0.86476996976503,Female,15.0,Primary or less,1,1,Rural,1,0,1,,1,1,0.0,2,4,2.0,1
2021,162008083,3.00413110804992,Female,75.0,Primary or less,1,0,Urban,0,0,0,,1,1,0.0,2,4,5.0,0
2021,142733728,1.05683826963302,Female,33.0,Secondary,3,1,Urban,0,0,0,,1,0,1.0,1,4,2.0,0
2021,158796162,0.390443290535958,Male,50.0,Primary or less,3,0,Rural,0,0,0,,0,1,0.0,2,4,5.0,0
2021,112907183,0.805906935692286,Female,72.0,Tertiary+,5,1,Rural,1,1,1,,0,0,1.0,2,2,1.0,1
2021,168311090,0.70112069370588,Male,18.0,Secondary,2,1,Urban,1,0,1,,1,0,1.0,2,4,1.0,1
2021,118382980,0.616500571086604,Female,56.0,Secondary,3,1,Rural,1,1,0,,1,1,1.0,2,4,1.0,1
2021,158671675,0.291558461932796,Male,21.0,Secondary,2,1,Rural,0,0,0,,0,0,1.0,1,4,5.0,0
2021,165470757,0.266955458856948,Male,36.0,Secondary,5,1,Rural,1,1,1,,1,1,1.0,1,4,1.0,1
2021,129845925,0.58553025060175,Male,27.0,Secondary,4,1,Rural,0,0,0,,1,1,1.0,2,4,5.0,0
2021,130810345,0.486889738440693,Female,22.0,Secondary,2,1,Rural,0,0,0,,0,0,0.0,1,4,5.0,0
2021,118986911,1.13116110821655,Female,29.0,Primary or less,3,1,Rural,1,1,1,,1,1,1.0,2,1,1.0,1
2021,193344082,0.601002757633776,Female,54.0,Secondary,2,1,Rural,1,1,0,,1,1,1.0,2,4,1.0,1
2021,192672265,2.843858064233,Female,70.0,Primary or less,1,0,Rural,0,0,0,,0,0,0.0,2,4,5.0,0
2021,116213828,0.947952688077668,Female,63.0,Primary or less,4,1,Urban,1,0,1,,1,1,1.0,2,4,1.0,1
2021,191852446,0.640952348508957,Male,40.0,Secondary,5,0,Rural,1,1,1,,1,1,1.0,1,4,1.0,1
2021,168910748,0.266955458856948,Male,22.0,Secondary,3,1,Urban,1,0,1,,1,1,1.0,2,4,1.0,1
2021,140501735,0.779222223002457,Male,30.0,Secondary,4,0,Urban,0,0,0,,0,0,1.0,2,4,5.0,0
2021,177461883,1.15719802786907,Male,25.0,Primary or less,1,1,Rural,0,0,0,,1,1,1.0,2,4,5.0,0
2021,123476500,0.339196311833603,Male,29.0,Secondary,4,0,Urban,1,0,1,,1,1,1.0,1,4,1.0,1
2021,182656034,1.34282110973805,Male,19.0,Secondary,4,1,Urban,1,0,1,,0,0,1.0,1,4,1.0,1
2021,209360015,1.02752697747456,Female,16.0,Primary or less,1,1,Rural,0,0,0,,0,0,0.0,2,4,5.0,0
2021,121884761,0.773746914028156,Male,35.0,Secondary,3,0,Urban,1,1,0,,1,0,1.0,1,4,1.0,1
2021,179205284,0.616516186484735,Female,24.0,Secondary,5,1,Rural,0,0,0,,1,0,1.0,1,4,4.0,0
2021,164730346,3.00413110804992,Female,60.0,Primary or less,4,1,Rural,1,0,1,,1,1,1.0,2,4,1.0,1
2021,130296910,0.704161862673467,Male,22.0,Secondary,1,1,Rural,1,0,1,,0,1,1.0,1,4,1.0,1
2021,201432394,0.342366287508233,Female,19.0,Secondary,5,1,Rural,1,0,1,,1,0,1.0,1,4,1.0,1
2021,131787304,0.782956961853692,Male,22.0,Primary or less,1,0,Urban,0,0,0,,1,0,0.0,2,4,5.0,0
2021,125449634,0.977199969452518,Female,21.0,Primary or less,2,1,Rural,0,0,0,,0,0,1.0,2,4,5.0,0
2021,117949933,1.5843785949047,Male,20.0,Secondary,5,1,Urban,1,0,1,,1,0,1.0,1,4,2.0,1
2021,198550217,0.782956961853692,Male,18.0,Primary or less,1,0,Rural,0,0,0,,0,1,0.0,2,4,5.0,0
2021,147203936,0.653830836504511,Female,26.0,Tertiary+,5,1,Urban,1,0,1,,1,0,1.0,1,4,1.0,1
2021,204078139,1.56591392370738,Male,17.0,Primary or less,2,0,Rural,0,0,0,,1,0,0.0,2,4,4.0,0
2021,167741856,0.771465351912713,Male,25.0,Primary or less,2,0,Rural,0,0,0,,0,0,0.0,2,4,5.0,0
2021,196280772,0.505506347320878,Male,27.0,Secondary,2,1,Urban,0,0,0,,1,0,1.0,2,4,5.0,0
2021,163936530,0.46741379580392,Male,22.0,Primary or less,4,1,Rural,0,0,0,,0,1,0.0,2,4,5.0,0
2021,189844618,0.974705623887698,Male,19.0,Secondary,1,0,Rural,0,0,0,,1,0,1.0,2,4,5.0,0
2021,186074155,0.455684722067857,Female,60.0,Secondary,5,0,Rural,1,1,1,,0,0,1.0,2,1,1.0,1
2021,206079990,1.25583715352475,Female,21.0,Secondary,5,1,Urban,1,0,1,,1,1,1.0,1,4,5.0,1
2021,196754875,0.449830404632055,Female,32.0,Secondary,1,1,Urban,1,0,1,,0,0,1.0,1,4,1.0,1
2021,111950911,0.537656962966758,Female,60.0,Secondary,1,0,Urban,1,1,1,,1,0,1.0,1,4,1.0,1
2021,186383811,1.3902131050123,Male,17.0,Secondary,2,1,Urban,0,0,0,,1,0,0.0,2,4,3.0,0
2021,201806924,0.286029865843357,Female,25.0,Secondary,3,1,Urban,0,0,0,,0,0,1.0,2,4,5.0,0
2021,120009015,2.79061296462636,Male,38.0,Primary or less,1,1,Urban,1,1,0,,1,0,1.0,2,4,5.0,1
2021,124759701,1.17443544278054,Male,16.0,Primary or less,1,1,Rural,0,0,0,,0,0,0.0,2,4,5.0,0
2021,132191403,0.589493626142891,Female,22.0,Tertiary+,3,1,Urban,1,0,1,,0,1,1.0,1,2,5.0,1
2021,170695789,1.89590537615534,Female,65.0,Primary or less,3,0,Urban,0,0,0,,0,0,1.0,2,4,5.0,0
2021,206258710,1.54052329599585,Female,26.0,Primary or less,3,1,Rural,1,0,1,,1,1,1.0,2,4,5.0,1
2021,190334657,1.38075037297612,Male,23.0,Secondary,1,0,Rural,0,0,0,,1,0,1.0,1,4,5.0,0
2021,179249414,3.00413110804992,Male,17.0,Primary or less,1,1,Rural,1,1,0,,1,0,1.0,2,4,4.0,1
2021,159398755,0.410440982868734,Male,27.0,Secondary,1,0,Urban,0,0,0,,0,1,1.0,2,4,5.0,0
2021,143692940,1.7043000089306,Female,27.0,Primary or less,3,1,Rural,1,0,1,,1,1,1.0,2,4,5.0,1
2021,189958157,1.07425688779044,Male,16.0,Secondary,2,0,Rural,1,0,1,,0,1,1.0,1,4,1.0,1
2021,202485743,1.07524414140175,Female,28.0,Primary or less,1,1,Rural,0,0,0,,0,1,0.0,2,4,3.0,0
2021,140160534,1.54976584115795,Male,16.0,Secondary,5,0,Urban,1,0,1,,0,1,1.0,1,4,1.0,1
2021,115510082,2.55645001339589,Female,25.0,Primary or less,2,1,Rural,0,0,0,,0,0,0.0,2,4,5.0,0
2021,207470995,0.981275833601374,Male,29.0,Secondary,2,1,Urban,1,0,1,,1,1,1.0,1,4,5.0,1
2021,188960155,0.383022273814325,Male,40.0,Primary or less,1,1,Rural,0,0,0,,0,0,0.0,2,4,3.0,0
2021,124244615,1.01189339569496,Female,21.0,Secondary,1,1,Urban,1,0,1,,1,1,1.0,1,4,1.0,1
2021,172996214,0.782956961853692,Male,15.0,Primary or less,4,0,Urban,0,0,0,,0,0,1.0,2,4,5.0,0
2021,156358727,0.782956961853692,Male,18.0,Primary or less,3,0,Rural,0,0,0,,0,0,1.0,2,4,3.0,0
2021,132088689,1.95739240463423,Male,22.0,Primary or less,2,1,Rural,0,0,0,,0,1,0.0,2,4,5.0,0
2021,155106531,1.49330622618035,Female,50.0,Primary or less,3,1,Urban,1,1,1,,1,1,1.0,2,4,1.0,1
2021,175393362,1.39530648231318,Male,38.0,Primary or less,3,1,Rural,1,1,1,,1,1,1.0,2,4,1.0,1
2021,143789261,1.23818898967057,Female,43.0,Secondary,5,1,Urban,1,1,1,,1,1,0.0,2,4,1.0,1
2021,164193025,0.266955458856948,Female,25.0,Secondary,5,1,Urban,1,1,1,,1,1,1.0,1,1,5.0,1
2021,188377682,0.390353500401167,Male,32.0,Secondary,4,1,Rural,1,0,1,,0,1,1.0,2,4,5.0,1
2021,187424669,0.581574982058419,Male,52.0,Secondary,5,1,Urban,1,1,1,,1,0,1.0,1,4,1.0,1
2021,165752775,0.29185455946303,Male,29.0,,5,0,Rural,1,1,1,,1,1,1.0,2,4,1.0,1
2021,119883259,0.619906336463179,Male,20.0,Secondary,5,1,Urban,0,0,0,,0,0,1.0,1,4,4.0,0
2021,188262205,1.91220643720015,Female,30.0,Secondary,4,1,Urban,0,0,0,,1,1,1.0,2,4,3.0,0
2021,130758667,0.652444517207521,Male,50.0,Primary or less,4,0,Urban,0,0,0,,0,1,1.0,2,4,6.0,0
2021,134698377,0.785150924080756,Female,16.0,Secondary,2,1,Rural,0,0,0,,1,1,0.0,2,4,5.0,0
2021,154917656,0.406615797982485,Female,35.0,Secondary,5,1,Urban,1,1,1,,1,1,1.0,1,4,1.0,1
2021,199139297,0.583410898060166,Male,28.0,Secondary,2,0,Urban,0,0,0,,0,0,1.0,2,4,1.0,0
2021,164056810,0.883302819866038,Female,21.0,Secondary,5,1,Urban,0,0,0,,1,1,1.0,1,4,3.0,0
2021,170489788,0.544062430466107,Female,33.0,Primary or less,4,1,Rural,0,0,0,,0,0,1.0,2,4,1.0,0
2021,112227999,1.16623384773119,Male,17.0,Secondary,5,0,Urban,0,0,0,,1,0,0.0,2,4,5.0,0
2021,164447647,0.266955458856948,Male,20.0,Tertiary+,4,1,Urban,1,0,1,,1,1,1.0,2,4,5.0,1
2021,196772578,0.819703829017188,Male,58.0,Primary or less,4,0,Rural,0,0,0,,0,0,0.0,2,4,5.0,0
2021,114881182,1.16682179612033,Male,31.0,Secondary,4,1,Urban,1,0,1,,1,1,1.0,1,4,1.0,1
2021,135560618,1.76660563973208,Female,18.0,Secondary,5,1,Urban,1,0,1,,1,0,1.0,1,4,1.0,1
2021,136167079,0.512452749384893,Male,26.0,Tertiary+,5,1,Urban,1,1,1,,1,1,1.0,1,4,1.0,1
2021,134301103,1.56591392370738,Male,22.0,Primary or less,3,0,Rural,0,0,0,,0,0,0.0,2,4,5.0,0
2021,146558396,0.472761150166896,Female,25.0,Secondary,5,1,Urban,0,0,0,,1,1,0.0,1,4,3.0,0
2021,191248787,0.583116923865593,Male,19.0,Primary or less,4,1,Rural,1,0,1,,0,1,1.0,1,4,1.0,1
2021,147328123,0.974705623887698,Male,23.0,Secondary,5,1,Rural,1,0,1,,1,0,1.0,1,4,5.0,1
2021,179207958,2.41674448324739,Male,44.0,Primary or less,1,1,Rural,1,1,1,,1,1,1.0,1,2,1.0,1
2021,207461032,0.636373358624434,Female,63.0,Secondary,4,0,Urban,1,1,0,,0,0,0.0,2,4,1.0,1
2021,129378094,0.579607608878103,Male,42.0,Secondary,3,1,Urban,1,1,0,,1,0,1.0,1,4,3.0,0
2021,207686826,0.266955458856948,Female,20.0,Secondary,3,0,Urban,1,0,1,,1,0,1.0,1,4,2.0,1
2021,162596774,0.266955458856948,Male,29.0,Secondary,2,1,Rural,0,0,0,,1,1,1.0,2,4,1.0,0
2021,199771352,1.01123618019094,Female,48.0,Secondary,3,1,Urban,1,1,1,,1,0,1.0,1,4,5.0,1
2021,194295832,0.911767641863919,Female,20.0,Secondary,4,1,Urban,1,1,0,,0,0,0.0,2,4,5.0,1
2021,113837785,0.266955458856948,Female,36.0,Tertiary+,5,1,Urban,1,1,1,,1,1,1.0,1,4,1.0,1
2021,144475020,0.266955458856948,Female,32.0,Secondary,5,1,Urban,1,1,1,,0,1,1.0,1,4,1.0,1
2021,118079323,0.509899534466739,Female,40.0,Primary or less,1,1,Rural,0,0,0,,0,0,0.0,2,4,5.0,0
2021,143477877,1.29600892933285,Female,15.0,Secondary,2,1,Urban,0,0,0,,1,0,1.0,1,4,5.0,0
2021,113281188,1.72801190577713,Female,17.0,Secondary,5,1,Urban,0,0,0,,0,0,0.0,1,4,3.0,0
2021,196484285,1.4911022594065,Male,29.0,Secondary,5,0,Urban,1,0,1,,0,0,1.0,1,4,1.0,1
2021,138127893,0.519784856332246,Male,25.0,Secondary,3,1,Rural,1,0,1,,1,1,1.0,2,4,1.0,1
2021,123138365,0.818986312623406,Female,27.0,Secondary,4,1,Urban,1,1,1,,1,0,0.0,2,4,1.0,1
2021,124769636,0.266955458856948,Male,43.0,Secondary,4,1,Urban,0,0,0,,0,0,1.0,1,4,5.0,0
2021,156987796,0.472761150166896,Female,27.0,Secondary,5,1,Urban,1,1,1,,0,1,1.0,2,1,2.0,1
2021,207892386,1.95221645267979,Male,45.0,Primary or less,3,0,Rural,1,0,1,,0,1,0.0,2,4,4.0,1
2021,136893059,0.736862324820991,Male,30.0,Primary or less,1,0,Rural,0,0,0,,0,1,0.0,2,4,5.0,0
2021,209720944,0.662706090448953,Male,32.0,Secondary,4,1,Urban,0,0,0,,1,1,1.0,1,4,1.0,0
2021,166605144,0.390443290535958,Male,53.0,Primary or less,5,0,Rural,0,0,0,,1,1,0.0,2,4,5.0,0
2021,177018289,0.369463561498803,Female,30.0,Secondary,3,1,Rural,1,0,1,,1,1,1.0,1,4,1.0,1
2021,113819982,2.6033597164363,Male,21.0,Primary or less,5,1,Urban,1,0,1,,0,1,1.0,1,4,1.0,1
2021,208395778,1.00390867897499,Male,43.0,Secondary,4,0,Urban,1,0,1,,0,0,1.0,2,4,5.0,1
2021,126695683,0.596440903762601,Male,34.0,Secondary,5,1,Urban,1,0,1,,0,0,1.0,1,4,2.0,1
2021,117824551,0.539008753995635,Male,48.0,Secondary,4,1,Rural,1,0,1,,1,1,1.0,1,4,1.0,1
2021,150898669,1.04941225444597,Female,36.0,Primary or less,2,1,Rural,0,0,0,,0,1,1.0,2,4,5.0,0
2021,143419904,0.63207560281192,Male,52.0,,5,1,Urban,1,1,1,,1,1,1.0,1,4,1.0,1
2021,117070943,0.611548175294804,Male,28.0,Primary or less,3,1,Rural,0,0,0,,0,1,1.0,2,4,3.0,0
2021,204248183,1.62762643926787,Male,28.0,Primary or less,4,1,Rural,0,0,0,,0,0,1.0,2,4,3.0,0
2021,144899581,1.12457601158014,Female,26.0,Secondary,2,0,Urban,1,0,1,,1,1,1.0,2,4,1.0,1
2021,129230048,2.32928589996873,Male,31.0,Primary or less,4,0,Rural,1,0,1,,0,1,1.0,2,4,1.0,1
2021,164370914,0.505946697847479,Female,20.0,Secondary,5,1,Urban,1,1,1,,1,0,1.0,1,4,1.0,1
2021,139042314,0.353960525770217,Female,44.0,Secondary,5,1,Rural,1,1,1,,1,1,1.0,1,4,1.0,1
2021,170230778,0.782956961853692,Male,20.0,Primary or less,1,0,Rural,0,0,0,,0,1,0.0,2,4,5.0,0
2021,144809918,0.752931509231241,Male,35.0,Primary or less,2,1,Urban,1,0,1,,1,1,1.0,2,4,1.0,1
2021,145500361,1.12294909495285,Female,23.0,Secondary,4,1,Rural,1,0,1,,1,1,1.0,1,4,1.0,1
2021,136906989,2.28495482694092,Female,70.0,Primary or less,1,0,Rural,0,0,0,,0,1,0.0,3,4,5.0,0
2021,192605184,0.3390253946243,Male,24.0,Secondary,5,0,Rural,1,1,1,,1,1,1.0,1,4,1.0,1
2021,169481075,1.15719802786907,Male,31.0,Primary or less,2,1,Rural,0,0,0,,0,1,0.0,2,4,5.0,0
2021,138247867,0.266955458856948,Female,30.0,Secondary,5,0,Rural,1,0,1,,0,1,1.0,1,4,1.0,1
2021,133899957,2.03959813786696,Female,42.0,Primary or less,4,1,Rural,0,0,0,,0,1,1.0,2,4,5.0,0
2021,180963308,0.363006253440392,Male,17.0,Secondary,4,0,Urban,1,0,1,,1,1,1.0,1,4,1.0,1
2021,203976794,0.266955458856948,Female,39.0,Secondary,5,1,Urban,1,0,1,,1,0,1.0,1,4,1.0,1
2021,186422263,0.57123870673523,Female,66.0,Primary or less,4,0,Rural,1,1,0,,1,1,0.0,2,4,5.0,0
2021,187929094,0.266955458856948,Female,27.0,Secondary,5,1,Urban,1,1,1,,1,1,1.0,1,4,1.0,1
2021,187274358,0.291558461932796,Male,16.0,Secondary,4,1,Urban,1,0,1,,1,1,0.0,2,4,5.0,1
2021,187502381,0.678392623667206,Male,32.0,Secondary,5,1,Urban,1,0,1,,0,0,1.0,1,4,2.0,1
2021,195082256,0.569742605310156,Female,50.0,Primary or less,5,0,Rural,1,0,1,,0,0,0.0,2,4,5.0,1
2021,199861111,1.19980943118504,Female,35.0,Tertiary+,5,1,Urban,1,1,1,,1,0,1.0,1,4,1.0,1
2021,175302053,1.13751384719961,Female,43.0,Secondary,3,0,Urban,1,0,1,,0,0,1.0,1,4,1.0,1
2021,115127914,0.476160348748599,Female,26.0,Secondary,3,1,Urban,1,1,1,,1,1,1.0,1,4,1.0,1
2021,146990698,2.68811035350438,Female,26.0,Primary or less,2,1,Rural,0,0,0,,0,1,1.0,2,4,5.0,0
2021,124894969,1.9860057189214,Female,16.0,Secondary,4,0,Rural,0,0,0,,0,0,0.0,2,4,5.0,0
2021,179524960,0.281664745069387,Male,23.0,Primary or less,1,1,Rural,0,0,0,,0,0,0.0,2,4,5.0,0
2021,175762408,0.805692665842827,Male,15.0,Secondary,4,1,Urban,0,0,0,,1,1,1.0,1,4,3.0,0
2021,165613959,0.472761150166896,Female,30.0,Secondary,5,1,Urban,1,1,1,,1,1,1.0,1,4,1.0,1
2021,186031152,1.09752699498932,Male,38.0,Primary or less,3,1,Rural,0,0,0,,0,1,0.0,2,4,5.0,0
2021,150290848,0.748632729968563,Female,23.0,Secondary,4,0,Rural,1,0,1,,0,1,1.0,1,4,1.0,1
2021,118189602,0.62991518311647,Male,35.0,Primary or less,5,0,Urban,1,0,1,,1,1,1.0,1,4,5.0,1
2021,209116217,0.583410898060166,Male,26.0,Secondary,4,0,Urban,1,0,1,,1,1,1.0,1,4,1.0,1
2021,202771884,1.1392620380364,Female,39.0,Secondary,3,1,Urban,1,1,1,,1,1,1.0,2,4,1.0,1
2021,139175002,1.19492419104781,Female,19.0,Secondary,5,1,Urban,0,0,0,,0,0,0.0,1,4,5.0,0
2021,185680069,0.339196311833603,Male,30.0,Secondary,3,1,Urban,1,1,1,,0,1,1.0,1,4,5.0,1
2021,197939834,0.322743977900777,Male,27.0,Secondary,5,1,Urban,1,0,1,,1,1,1.0,1,4,5.0,1
2021,186995247,0.722072343348338,Male,24.0,Secondary,3,1,Urban,0,0,0,,0,0,1.0,1,4,5.0,0
2021,170914045,0.346771984300697,Male,30.0,Tertiary+,5,1,Urban,1,1,0,,1,1,1.0,1,4,3.0,1
2021,187097345,0.811584614897426,Male,28.0,Primary or less,3,1,Rural,0,0,0,,0,1,1.0,2,4,5.0,0
2021,183803465,3.00413110804992,Female,17.0,Primary or less,3,1,Rural,1,1,1,,1,1,1.0,1,4,1.0,1
2021,125615341,0.356465276623707,Female,30.0,,4,1,Rural,1,1,0,,1,1,1.0,2,4,5.0,0
2021,125530579,0.266955458856948,Male,20.0,Secondary,5,0,Urban,1,1,1,,1,1,1.0,1,4,1.0,1
2021,121676674,0.380343876280836,Male,29.0,Secondary,5,1,Urban,1,0,1,,1,1,1.0,1,4,1.0,1
2021,130334281,2.68811035350438,Female,30.0,Primary or less,1,1,Rural,0,0,0,,0,0,0.0,2,4,5.0,0
2021,129486507,0.868967225251401,Male,41.0,Secondary,3,1,Urban,1,1,0,,1,1,1.0,1,4,1.0,1
2021,164872861,1.62627951757995,Female,34.0,Secondary,5,1,Urban,0,0,0,,1,1,1.0,1,4,1.0,0
2021,124365574,0.596440903762601,Male,30.0,Secondary,5,1,Urban,1,1,1,,1,1,1.0,1,1,1.0,1
2021,121494293,0.57123870673523,Female,77.0,Primary or less,1,1,Rural,0,0,0,,1,1,0.0,2,4,5.0,0
2021,120371028,0.682508308319769,Female,41.0,Secondary,4,1,Rural,1,1,0,,1,1,1.0,2,4,1.0,1
2021,142495627,3.00413110804992,Male,28.0,Primary or less,3,0,Urban,0,0,0,,1,1,1.0,1,4,3.0,0
2021,156660364,2.88107928380859,Female,16.0,Primary or less,2,0,Rural,0,0,0,,0,0,0.0,2,4,5.0,0
2021,149366852,1.32699115188294,Male,64.0,Secondary,5,0,Urban,1,0,1,,1,1,1.0,1,4,1.0,1
2021,159198240,2.2082570496651,Female,15.0,Secondary,2,1,Urban,0,0,0,,1,0,0.0,2,4,5.0,0
2021,160484679,0.291558461932796,Male,21.0,Secondary,2,1,Urban,1,1,0,,1,1,0.0,2,4,1.0,1
2021,157901025,0.483319884162175,Female,27.0,Secondary,5,1,Urban,1,1,1,,1,1,1.0,1,4,1.0,1
2021,157654634,1.13260356045816,Male,25.0,Secondary,2,1,Urban,0,0,0,,1,1,1.0,2,4,3.0,0
2021,192016603,0.266955458856948,Male,33.0,Secondary,5,1,Urban,0,0,0,,0,1,1.0,2,4,5.0,0
2021,200658196,0.736862324820991,Male,26.0,Primary or less,3,1,Rural,1,1,1,,1,1,1.0,2,4,5.0,1
2021,191190821,2.15018299155062,Male,50.0,Primary or less,3,0,Rural,0,0,0,,0,0,0.0,2,4,5.0,0
2021,119958296,0.588863193060567,Female,20.0,Primary or less,4,1,Rural,0,0,0,,1,1,0.0,2,4,5.0,0
2021,152441913,0.325733323150839,Female,23.0,Secondary,5,1,Rural,0,0,0,,0,0,1.0,2,4,5.0,0
2021,136003536,0.807426123722552,Female,39.0,Secondary,4,0,Urban,1,1,1,,1,1,1.0,1,4,1.0,1
2021,191574822,0.563329490138774,Male,18.0,Primary or less,3,1,Rural,0,0,0,,0,0,0.0,2,4,5.0,0
2021,123070969,0.339196311833603,Male,25.0,Secondary,5,0,Urban,0,0,0,,0,0,1.0,2,4,5.0,0
2021,141739952,0.764882574880061,Female,30.0,Secondary,5,1,Urban,0,0,0,,1,1,1.0,2,4,1.0,0
2021,159549176,0.521202484290864,Male,38.0,Secondary,3,1,Rural,1,1,0,,1,0,1.0,1,4,1.0,1
2021,121020440,2.65727033473869,Female,22.0,Primary or less,2,0,Urban,1,0,1,,1,1,1.0,1,4,1.0,1
2021,115893482,3.00413110804992,Male,69.0,Primary or less,4,0,Urban,0,0,0,,1,0,1.0,2,4,3.0,0
2021,167113969,0.685866642605605,Male,19.0,Secondary,5,0,Rural,1,0,1,,0,0,1.0,2,4,2.0,1
2021,190580307,3.00345916539225,Female,42.0,Primary or less,3,1,Rural,0,0,0,,0,0,1.0,2,4,1.0,0
2021,127618142,0.764882574880061,Female,33.0,Secondary,3,1,Rural,1,1,1,,1,1,1.0,1,4,1.0,1
2021,189997964,0.827966695785534,Male,21.0,Secondary,3,1,Urban,1,1,0,,1,1,1.0,2,4,1.0,1
2021,183793796,0.353960525770217,Female,36.0,Secondary,3,1,Rural,1,1,1,,1,1,1.0,1,4,1.0,1
2021,174984168,1.19980943118504,Female,35.0,Secondary,4,1,Urban,1,0,1,,1,1,1.0,1,4,2.0,1
2021,144333589,0.339196311833603,Male,30.0,Secondary,5,1,Urban,1,1,1,,1,1,1.0,1,4,1.0,1
2021,177088594,2.51572489683168,Female,67.0,Primary or less,5,0,Urban,0,0,0,,1,1,1.0,2,4,2.0,0
2021,174218503,1.08837515426334,Female,45.0,Primary or less,1,0,Rural,1,1,0,,0,0,0.0,2,4,1.0,1
2021,197942077,0.379336994980209,Male,24.0,Secondary,3,0,Rural,0,0,0,,0,0,1.0,1,4,5.0,0
2021,139548663,3.00413110804992,Female,25.0,Primary or less,4,1,Rural,1,0,1,,1,1,1.0,2,4,2.0,1
2021,149635409,0.339196311833603,Male,27.0,Secondary,5,0,Urban,1,1,1,,1,0,1.0,1,4,1.0,1
2021,156244369,0.596440903762601,Male,33.0,Secondary,4,1,Urban,1,1,1,,1,1,1.0,1,4,1.0,1
2021,162618815,0.726435628415879,Female,40.0,Secondary,5,1,Rural,1,1,1,,1,1,1.0,1,4,1.0,1
2021,210883926,0.409631981457156,Female,27.0,Secondary,4,1,Rural,1,1,1,,1,1,1.0,2,4,1.0,1
2021,185840521,0.514399981954205,Male,17.0,Secondary,5,0,Rural,0,0,0,,0,0,0.0,1,4,5.0,0
2021,154467029,0.412729663223525,Female,44.0,Secondary,5,1,Urban,1,1,0,,0,1,1.0,2,4,1.0,1
2021,189598681,0.789579649766951,Female,38.0,Secondary,3,1,Urban,0,0,0,,1,1,1.0,2,4,5.0,0
2021,203678025,0.583116923865593,Male,21.0,Secondary,3,0,Urban,1,0,1,,1,0,1.0,1,4,1.0,1
2021,142281206,1.61033983495915,Male,35.0,Primary or less,2,1,Urban,0,0,0,,0,0,1.0,2,4,5.0,0
2021,152665767,1.21970963818497,Female,32.0,Secondary,3,1,Urban,1,0,1,,1,0,1.0,1,4,1.0,1
2021,157843692,0.266955458856948,Male,27.0,Secondary,3,0,Urban,1,1,1,,1,0,1.0,1,4,1.0,1
2021,188637939,1.18190287541724,Female,26.0,Secondary,5,1,Urban,1,0,1,,1,1,1.0,1,4,1.0,1
2021,169997607,1.29960749851693,Male,20.0,Secondary,4,1,Rural,1,0,1,,1,1,1.0,1,4,5.0,1
2021,175222935,0.752931509231241,Male,39.0,Secondary,3,1,Rural,1,0,1,,1,1,1.0,1,2,1.0,1
2021,202852027,0.782956961853692,Male,18.0,Primary or less,1,1,Rural,0,0,0,,0,1,0.0,2,4,5.0,0
2021,152836167,2.0195971348969,Female,42.0,Secondary,2,1,Urban,1,1,1,,1,0,1.0,1,4,5.0,1
2021,194328160,0.736862324820991,Male,29.0,Primary or less,3,1,Rural,0,0,0,,1,1,1.0,2,4,1.0,0
2021,186003711,0.930334818933108,Male,21.0,Secondary,1,0,Urban,1,0,1,,1,1,1.0,1,4,1.0,1
2021,167345810,0.31603780140596,Male,53.0,Secondary,5,1,Urban,1,1,0,,0,0,1.0,1,4,5.0,1
2021,120382602,1.46336932665242,Male,44.0,Primary or less,1,1,Rural,0,0,0,,0,0,0.0,2,4,5.0,0
2021,142098018,1.60153319234936,Female,37.0,Primary or less,1,1,Rural,0,0,0,,1,1,1.0,2,4,4.0,0
2021,184921722,2.8849848431686,Female,16.0,Secondary,2,1,Urban,0,0,0,,1,0,1.0,1,4,5.0,0
2021,198706764,0.86235352651753,Male,22.0,Primary or less,1,0,Rural,0,0,0,,0,0,1.0,2,4,5.0,0
2021,124193636,0.366867476461397,Female,37.0,Secondary,4,1,Rural,1,0,1,,1,1,1.0,2,4,1.0,1
2021,136609767,0.335467239899833,Female,22.0,Secondary,5,1,Urban,1,0,1,,1,1,1.0,1,4,1.0,1
2021,202368493,0.579311483500934,Male,40.0,Secondary,5,1,Urban,1,0,1,,1,0,1.0,2,4,1.0,1
2021,132496692,0.472814544491806,Female,37.0,Secondary,4,1,Urban,1,1,1,,1,1,1.0,1,4,1.0,1
2021,158269517,0.344335344659746,Male,36.0,Tertiary+,5,1,Urban,1,1,1,,1,1,1.0,1,4,1.0,1
2021,125702920,2.71146293154425,Female,26.0,Primary or less,1,1,Rural,1,0,1,,1,1,1.0,2,4,5.0,1
2021,151596556,0.502334861409901,Female,23.0,Secondary,5,1,Urban,1,1,1,,1,0,1.0,1,3,1.0,1
2021,179473913,0.620223212622071,Male,20.0,Secondary,2,0,Urban,0,0,0,,0,0,0.0,2,4,1.0,0
2021,153370683,0.654174356882506,Male,20.0,Secondary,2,0,Urban,1,1,0,,1,1,1.0,2,4,5.0,1
2021,155684932,0.680136376424295,Male,60.0,Primary or less,3,1,Rural,0,0,0,,0,0,0.0,2,4,5.0,0
2021,171231395,0.346771984300697,Male,33.0,Secondary,3,1,Urban,1,0,1,,1,0,1.0,1,4,1.0,1
2021,124788664,1.18449986425765,Male,36.0,Secondary,4,1,Urban,1,1,1,,1,1,1.0,1,4,1.0,1
2021,135042742,1.35424012192062,Male,70.0,Primary or less,2,1,Rural,0,0,0,,0,0,1.0,3,4,5.0,0
2021,158885095,2.2622236939902,Female,61.0,Primary or less,3,0,Rural,1,1,1,,0,1,1.0,2,4,1.0,1
2021,112964557,1.0270155306639,Female,26.0,Primary or less,1,1,Rural,1,0,1,,0,1,1.0,1,4,3.0,1
2021,187153535,0.624363523224295,Male,24.0,Secondary,1,1,Urban,1,0,1,,1,1,0.0,2,4,1.0,1
2021,134371836,0.773746914028156,Male,41.0,Secondary,5,1,Urban,0,0,0,,1,0,1.0,2,4,3.0,0
2021,196473477,1.14728438273232,Female,35.0,Primary or less,2,1,Urban,1,1,0,,0,0,0.0,2,4,5.0,0
2021,169479256,0.316875718980939,Male,20.0,Secondary,4,1,Urban,0,0,0,,0,1,1.0,2,4,2.0,0
2021,203773606,0.975434861158076,Female,34.0,Secondary,5,1,Urban,1,1,1,,1,1,1.0,1,4,1.0,1
2021,179467572,0.378333910439822,Male,49.0,Secondary,5,1,Rural,1,1,0,,0,1,1.0,2,4,5.0,1
2021,160324420,3.00413110804992,Female,41.0,Primary or less,1,1,Urban,1,0,1,,0,1,1.0,2,4,1.0,1
2021,167623566,1.24542502525891,Male,49.0,Secondary,2,1,Urban,1,1,0,,0,1,1.0,1,4,5.0,0
2021,189274355,1.10529348723149,Male,25.0,Primary or less,1,1,Rural,0,0,0,,1,0,1.0,2,4,5.0,0
2021,172851669,1.07745980320531,Male,35.0,Primary or less,3,0,Urban,0,0,0,,0,1,1.0,2,4,1.0,0
2021,144341636,0.97870227055348,Male,57.0,Secondary,1,0,Rural,1,0,1,,0,1,1.0,2,4,1.0,1
2021,210382764,0.96587431394829,Male,38.0,Primary or less,4,1,Rural,1,0,1,,1,1,1.0,2,4,1.0,1
2021,162773736,0.736862324820991,Male,28.0,Primary or less,2,0,Rural,0,0,0,,0,1,0.0,2,4,5.0,0
2021,136200727,0.651466646301679,Female,17.0,Secondary,5,0,Urban,1,1,1,,1,1,1.0,1,4,1.0,1
2021,198173821,0.392575462040378,Female,22.0,Secondary,3,1,Rural,0,0,0,,0,1,1.0,2,4,2.0,0
2021,146897856,0.386813556467066,Female,33.0,Secondary,1,1,Rural,1,0,1,,1,1,1.0,2,4,2.0,1
2021,133198291,2.70608732469717,Male,55.0,Primary or less,5,1,Urban,1,1,0,,1,1,1.0,1,4,1.0,1
2021,210496871,0.736862324820991,Male,25.0,Primary or less,2,1,Urban,1,0,1,,1,1,1.0,2,4,5.0,1
2021,112696623,1.36027275284859,Male,65.0,Primary or less,2,1,Rural,0,0,0,,1,0,0.0,3,4,3.0,0
2021,160457321,0.266955458856948,Male,25.0,Secondary,5,0,Rural,0,0,0,,0,0,1.0,1,4,3.0,0
2021,138101698,1.42114995417488,Male,52.0,Secondary,3,0,Rural,0,0,0,,0,0,1.0,1,4,5.0,0
2021,180166981,0.588863193060567,Female,17.0,Primary or less,1,1,Rural,0,0,0,,0,1,1.0,2,4,5.0,0
2021,124452997,1.2637658683022,Male,29.0,Secondary,3,1,Urban,0,0,0,,1,1,1.0,2,4,1.0,0
2021,111741908,1.07531392593352,Female,63.0,Secondary,3,1,Urban,1,0,1,,0,0,1.0,1,4,5.0,1
2021,169809804,0.561839872436888,Male,46.0,Secondary,5,1,Rural,0,0,0,,0,0,0.0,2,4,5.0,0
2021,149102663,0.296124966064412,Male,42.0,Secondary,3,1,Urban,0,0,0,,1,1,0.0,2,4,1.0,0
2021,191176765,0.411010790989823,Female,19.0,Secondary,5,1,Rural,0,0,0,,1,1,1.0,1,4,1.0,0
2021,154445433,1.72801190577713,Female,23.0,Secondary,4,0,Urban,1,0,1,,0,0,1.0,1,4,3.0,1
2021,185096502,1.01979906893348,Female,40.0,Primary or less,1,1,Rural,0,0,0,,0,1,0.0,2,4,4.0,0
2021,167934229,0.704158846249084,Female,40.0,Secondary,5,1,Urban,1,1,1,,1,0,1.0,1,4,1.0,1
2021,157181173,0.552696609946793,Male,21.0,Secondary,4,1,Urban,1,0,1,,0,0,1.0,1,4,1.0,1
2021,207540700,1.42491787851174,Male,16.0,Secondary,5,1,Rural,1,0,1,,1,0,1.0,1,4,1.0,1
2021,190710439,1.95739240463423,Male,20.0,Primary or less,2,1,Rural,0,0,0,,0,0,1.0,2,4,5.0,0
2021,112837398,0.929859504694768,Male,15.0,Secondary,5,0,Urban,0,0,0,,1,0,1.0,1,4,1.0,0
2021,192635026,0.266955458856948,Female,33.0,Secondary,5,1,Urban,1,1,1,,0,1,1.0,1,5,6.0,1
2021,147271161,0.593577838635182,Male,22.0,Secondary,4,0,Rural,0,0,0,,0,0,1.0,2,4,5.0,0
2021,166347312,1.84435038263141,Male,56.0,Primary or less,5,1,Urban,0,0,0,,1,1,1.0,2,4,2.0,0
2021,155713067,0.312181761612147,Male,22.0,Secondary,4,1,Urban,1,0,1,,1,0,1.0,1,4,1.0,1
2021,116359447,0.288283874005613,Female,54.0,Secondary,5,1,Rural,1,1,0,,1,0,1.0,2,4,2.0,1
2021,166149014,0.456584675196702,Male,56.0,Secondary,3,1,Urban,1,1,1,,0,1,1.0,2,1,4.0,1
2021,196831506,1.17521135814985,Male,28.0,Primary or less,2,1,Urban,1,0,1,,0,0,1.0,1,4,1.0,1
2021,176871001,0.805881907256172,Male,38.0,Primary or less,3,0,Rural,1,0,1,,1,0,1.0,2,4,5.0,1
2021,164579584,0.619906336463179,Male,20.0,Secondary,5,0,Urban,1,1,1,,1,0,1.0,1,4,3.0,1
2021,181927811,0.86235352651753,Male,18.0,Primary or less,3,1,Rural,0,0,0,,0,0,1.0,2,4,5.0,0
2021,114359187,0.570515814421254,Male,28.0,Secondary,2,1,Urban,1,1,0,,1,1,1.0,1,4,1.0,1
2021,134326085,0.86235352651753,Male,22.0,Primary or less,3,1,Rural,0,0,0,,0,0,1.0,2,4,5.0,0
2021,127641628,2.3652158340395,Female,84.0,Primary or less,5,1,Rural,0,0,0,,1,0,1.0,1,4,3.0,0
2021,129107306,1.19980943118504,Female,36.0,Secondary,4,1,Urban,0,0,0,,0,0,1.0,2,4,5.0,0
2021,176455797,0.634595128390845,Male,55.0,Primary or less,2,1,Urban,1,0,1,,0,1,1.0,2,4,5.0,1
2021,176197396,0.266955458856948,Male,21.0,,4,0,Urban,0,0,0,,0,0,1.0,2,4,5.0,0
2021,119356412,0.921161016577987,Male,20.0,Secondary,5,1,Urban,1,1,1,,0,0,1.0,1,4,1.0,1
2021,153982854,0.901037089424177,Male,24.0,Secondary,4,1,Urban,1,0,1,,1,1,1.0,1,4,1.0,1
2021,190598532,0.565995518225317,Male,55.0,Secondary,4,0,Urban,0,0,0,,1,0,0.0,2,4,5.0,0
2021,139755998,0.266955458856948,Male,33.0,Secondary,5,1,Rural,1,1,0,,1,1,1.0,1,1,1.0,1
2021,197929887,1.1949241910478,Female,19.0,Secondary,5,0,Rural,0,0,0,,0,0,1.0,1,4,3.0,0
2021,193813270,0.330259684796383,Female,35.0,Secondary,3,0,Urban,1,1,0,,1,1,1.0,1,4,1.0,1
2021,112125035,0.266955458856948,Male,29.0,Secondary,4,1,Rural,1,0,1,,1,0,1.0,1,4,1.0,1
2021,122799003,1.54749382805631,Male,42.0,Primary or less,1,1,Urban,1,0,1,,0,0,1.0,2,4,3.0,1
2021,138620428,1.01979906893348,Female,37.0,Primary or less,1,0,Rural,1,0,1,,0,1,1.0,2,4,1.0,1
2021,179067228,0.266955458856948,Male,24.0,Secondary,5,1,Urban,1,1,1,,1,0,1.0,1,4,1.0,1
2021,178279312,0.864005952888565,Female,22.0,Secondary,5,0,Urban,1,1,1,,1,1,1.0,1,4,1.0,1
2021,170843433,0.662706090448953,Male,25.0,Secondary,1,1,Rural,1,0,1,,1,1,1.0,1,4,5.0,1
2021,201878605,0.948113404217879,Male,47.0,Secondary,5,1,Urban,1,1,0,,1,0,1.0,2,4,5.0,0
2021,124692495,1.48062483032206,Male,36.0,Secondary,4,1,Urban,1,0,1,,1,0,1.0,1,4,1.0,1
2021,111412838,0.58370911892606,Male,29.0,Secondary,4,0,Rural,0,0,0,,1,0,0.0,2,4,1.0,0
2021,182894565,0.277892565854927,Female,24.0,Secondary,5,1,Rural,1,1,1,,1,0,1.0,1,4,1.0,1
2021,131719131,1.15719802786907,Male,29.0,Primary or less,1,0,Rural,0,0,0,,0,0,0.0,2,4,5.0,0
2021,175893556,0.310111606311036,Male,22.0,Secondary,5,1,Rural,1,1,1,,1,1,1.0,1,4,1.0,1
2021,114307978,0.846162258698859,Female,40.0,Primary or less,5,1,Rural,0,0,0,,0,0,1.0,2,4,5.0,0
2021,138690318,1.06768879489957,Female,40.0,Primary or less,1,1,Rural,0,0,0,,0,1,0.0,2,4,3.0,0
2021,180201627,2.68811035350438,Female,25.0,Primary or less,2,1,Rural,0,0,0,,0,1,0.0,2,4,5.0,0
2021,136581879,0.875116347090249,Male,32.0,Secondary,4,1,Urban,1,0,1,,1,1,1.0,1,4,1.0,1
2021,177544204,2.28495482694092,Female,56.0,Primary or less,1,1,Rural,0,0,0,,0,1,1.0,2,4,1.0,0
2021,203733546,0.407633032303634,Male,19.0,Secondary,5,1,Urban,1,1,0,,0,0,1.0,1,4,2.0,0
2021,188061952,2.14549272508459,Male,58.0,Primary or less,1,1,Rural,0,0,0,,0,1,0.0,2,4,5.0,0
2021,169278566,2.1568482218255,Female,35.0,Primary or less,4,1,Urban,1,0,1,,1,1,1.0,2,4,1.0,1
2021,171049459,0.810359254751032,Female,35.0,Secondary,2,1,Urban,0,0,0,,0,1,1.0,2,4,4.0,0
2021,128264195,0.974615949978552,Female,52.0,Secondary,4,1,Urban,1,1,1,,0,1,1.0,1,4,1.0,1
2021,134723995,0.698666561287485,Male,21.0,Secondary,3,1,Urban,1,1,1,,1,1,1.0,1,4,1.0,1
2021,130072083,0.810359254751032,Female,38.0,Secondary,3,1,Rural,1,0,1,,0,1,1.0,1,4,1.0,1
2021,132955467,0.724979826243263,Female,33.0,Secondary,4,1,Urban,1,0,1,,1,1,1.0,1,4,2.0,1
2021,188200426,0.266955458856948,Female,40.0,Secondary,5,1,Rural,1,1,1,,1,0,1.0,1,4,1.0,1
2021,170021017,1.81493643283963,Male,37.0,Primary or less,3,0,Urban,0,0,0,,0,0,1.0,2,4,4.0,0
2021,189722576,0.346771984300697,Male,30.0,Secondary,5,1,Urban,1,0,1,,1,0,1.0,1,4,1.0,1
2021,138605738,1.07524414140175,Female,30.0,Primary or less,2,0,Rural,0,0,0,,1,0,1.0,2,4,5.0,0
2021,133522299,0.554707119522161,Male,42.0,Secondary,5,1,Rural,1,0,1,,1,0,1.0,2,4,1.0,1
2021,179459573,0.561606426841131,Female,39.0,Primary or less,2,1,Rural,0,0,0,,0,0,0.0,2,4,5.0,0
2021,187194008,0.819703829017188,Male,70.0,Primary or less,2,0,Rural,0,0,0,,0,1,0.0,2,4,5.0,0
2021,161936016,1.56177316214383,Male,50.0,Primary or less,1,0,Rural,0,0,0,,0,1,0.0,2,4,5.0,0
2021,170485771,1.15313549602245,Female,51.0,Primary or less,3,1,Rural,0,0,0,,0,0,1.0,2,4,5.0,0
2021,148957606,0.704161862673467,Male,23.0,Secondary,1,0,Rural,0,0,0,,1,1,1.0,2,4,5.0,0
2021,129134461,0.266955458856948,Female,40.0,Secondary,5,1,Urban,1,1,1,,1,1,1.0,1,4,5.0,1
2021,145660355,0.266955458856948,Female,29.0,Secondary,5,1,Rural,1,1,0,,0,0,1.0,2,4,3.0,1
2021,112612236,2.37899284171939,Female,30.0,Primary or less,4,1,Rural,1,0,1,,1,1,1.0,1,4,1.0,1
2021,145041239,0.576143339060746,Female,36.0,Secondary,2,1,Rural,1,1,0,,1,1,1.0,2,4,5.0,0
2021,181633610,0.605228470034489,Female,65.0,Primary or less,3,0,Rural,0,0,0,,1,0,1.0,2,4,5.0,0
2021,139420864,2.04931147842205,Male,19.0,Primary or less,1,1,Rural,0,0,0,,1,0,1.0,1,4,5.0,0
2021,202367036,0.883302819866038,Female,16.0,Secondary,5,0,Urban,1,0,1,,1,0,0.0,1,4,4.0,1
2021,123491980,1.22958688705323,Male,23.0,Primary or less,2,0,Rural,0,0,0,,0,0,0.0,2,4,3.0,0
2021,162472851,0.968490646954512,Male,47.0,Primary or less,1,1,Rural,0,0,0,,0,0,0.0,2,4,5.0,0
2021,172461511,1.07425688779044,Male,18.0,Secondary,3,0,Rural,0,0,0,,0,1,1.0,2,4,3.0,0
2021,178784882,1.28049025982962,Female,45.0,Secondary,4,1,Urban,1,1,1,,1,1,1.0,1,4,1.0,1
2021,166322561,0.907515633600979,Male,19.0,Secondary,5,1,Urban,1,0,1,,1,1,1.0,1,4,1.0,1
2021,168954475,1.4911022594065,Male,27.0,Secondary,2,1,Urban,1,0,1,,1,1,1.0,1,4,1.0,1
2021,133779089,0.29185455946303,Male,27.0,Secondary,2,0,Rural,0,0,0,,0,1,1.0,1,4,5.0,0
2021,162948628,0.704158846249084,Female,38.0,Tertiary+,5,1,Urban,1,1,1,,1,1,1.0,1,4,1.0,1
2021,166518724,0.654183889067583,Male,31.0,Secondary,4,1,Urban,1,0,1,,1,1,1.0,2,4,2.0,1
2021,149591517,0.478599180978158,Male,28.0,Secondary,3,1,Rural,1,0,1,,1,1,1.0,1,4,1.0,1
2021,204752335,0.324871983326184,Female,47.0,Secondary,5,0,Rural,0,0,0,,1,1,1.0,2,4,1.0,0
2021,191555526,0.266955458856948,Male,28.0,Tertiary+,5,1,Urban,1,1,0,,1,0,1.0,1,4,1.0,1
2021,189200553,0.339369698066462,Male,27.0,Secondary,5,1,Urban,1,1,1,,1,1,1.0,1,4,1.0,1
2021,193843608,0.54418757713167,Female,46.0,Primary or less,4,1,Rural,0,0,0,,1,1,0.0,2,4,3.0,0
2021,126454012,0.341635166256595,Male,28.0,Secondary,4,0,Urban,1,0,1,,1,1,1.0,1,4,1.0,1
2021,192311558,0.893339222485169,Female,42.0,Secondary,4,1,Urban,1,0,1,,1,1,1.0,2,4,5.0,1
2021,136208795,0.479923772474018,Female,36.0,Secondary,5,1,Urban,1,1,1,,1,1,1.0,1,4,2.0,1
2021,199767610,0.456488383344311,Female,19.0,Secondary,4,1,Urban,0,0,0,,1,0,1.0,1,4,1.0,0
2021,159655986,0.479923772474018,Female,36.0,Secondary,5,1,Urban,1,1,0,,1,1,1.0,1,4,2.0,1
2021,149586351,1.02752697747456,Female,17.0,Secondary,2,0,Rural,0,0,0,,0,0,0.0,2,4,5.0,0
2021,143389873,1.5801890070298,Male,48.0,Secondary,3,1,Urban,1,0,1,,1,1,1.0,2,4,1.0,1
2021,154332553,0.3390253946243,Male,23.0,Secondary,5,1,Rural,1,0,1,,1,1,1.0,1,4,1.0,1
2021,195289117,0.709221816737709,Female,38.0,Tertiary+,4,1,Urban,1,1,1,,1,0,1.0,2,4,1.0,1
2021,203036559,0.704558846422013,Female,30.0,Secondary,5,1,Urban,1,1,0,,1,1,1.0,1,4,1.0,1
2021,154241178,0.42249711760408,Male,22.0,Secondary,4,1,Rural,1,0,1,,0,1,0.0,2,4,2.0,1
2021,175949955,0.266955458856948,Female,57.0,Secondary,2,0,Rural,1,1,1,,1,1,0.0,1,4,1.0,1
2021,112892000,1.74043647919483,Female,18.0,Secondary,5,0,Urban,1,1,1,,1,1,1.0,2,4,3.0,1
2021,127763065,0.947952688077668,Female,61.0,Primary or less,4,1,Rural,1,0,1,,0,0,1.0,2,4,5.0,1
2021,113240029,0.674745606948083,Female,27.0,Secondary,2,1,Urban,0,0,0,,0,0,1.0,2,4,5.0,0
2021,151534828,0.753245260881388,Female,22.0,Secondary,1,1,Rural,1,0,1,,1,1,1.0,1,4,1.0,1
2021,207844566,0.540898602343129,Male,24.0,Secondary,2,1,Rural,1,1,1,,1,0,1.0,1,4,5.0,1
2021,183623324,1.2637658683022,Male,34.0,Secondary,5,0,Urban,0,0,0,,0,1,1.0,2,4,2.0,0
2021,180894645,1.90653630648376,Male,24.0,Primary or less,3,0,Urban,0,0,0,,0,0,1.0,2,4,5.0,0
2021,133410965,1.5843785949047,Male,20.0,Secondary,4,1,Urban,1,0,1,,1,1,1.0,1,4,1.0,1
2021,167144967,0.651158513719985,Female,48.0,Secondary,5,1,Urban,1,1,1,,1,1,1.0,1,4,1.0,1
2021,172428443,3.00413110804992,Male,16.0,Primary or less,1,0,Urban,0,0,0,,0,0,0.0,2,4,5.0,0
2021,156351370,0.291558461932796,Male,17.0,Secondary,5,1,Urban,1,1,1,,1,0,1.0,2,4,1.0,1
2021,189511359,2.04040912927289,Male,60.0,Primary or less,5,1,Rural,1,0,1,,1,1,1.0,1,4,1.0,1
2021,165269396,0.550301214692095,Female,38.0,Secondary,2,0,Rural,1,0,1,,0,1,0.0,2,4,1.0,1
2021,198084514,0.266955458856948,Female,29.0,Secondary,5,1,Rural,1,1,0,,1,0,1.0,1,4,1.0,1
2021,173989879,0.909367177169183,Female,21.0,Secondary,3,1,Rural,0,0,0,,1,1,1.0,2,4,1.0,0
2021,179693066,1.6969932645976,Male,65.0,Primary or less,5,0,Rural,1,1,0,,1,1,1.0,2,4,5.0,1
2021,184293650,0.50853809193645,Male,22.0,Secondary,2,1,Urban,1,1,0,,1,1,0.0,2,4,1.0,1
2021,146228075,0.959455831159833,Female,49.0,Secondary,5,1,Rural,1,1,0,,1,1,1.0,1,4,2.0,1
2021,113289341,0.938878461665446,Female,36.0,Secondary,3,1,Urban,1,0,1,,1,1,1.0,1,4,1.0,1
2021,119242395,0.34510739226961,Male,19.0,Secondary,5,0,Rural,0,0,0,,1,0,1.0,1,4,1.0,0
2021,142506468,1.45906377733554,Male,30.0,Primary or less,3,0,Rural,0,0,0,,0,0,0.0,2,4,5.0,0
2021,154795927,1.6286666157542,Female,22.0,Secondary,2,0,Rural,1,0,1,,1,0,1.0,2,4,1.0,1
2021,153324557,0.406929398039833,Female,26.0,Secondary,3,1,Rural,1,0,1,,1,0,1.0,2,4,5.0,1
2021,129770751,0.946005620888937,Female,29.0,Secondary,5,1,Rural,1,1,1,,1,1,1.0,1,4,1.0,1
2021,167025162,0.554195342248205,Female,30.0,Primary or less,1,0,Rural,0,0,0,,0,1,1.0,2,4,5.0,0
2021,142551405,1.10529348723149,Male,28.0,Primary or less,2,1,Rural,0,0,0,,1,1,0.0,2,4,5.0,0
2021,180940825,0.758259520981317,Male,28.0,Secondary,2,0,Urban,0,0,0,,1,1,0.0,2,4,5.0,0
2021,154480641,1.53510146465141,Male,32.0,Secondary,2,1,Rural,0,0,0,,1,1,0.0,2,4,1.0,0
2021,123624666,0.592249932128825,Male,40.0,Secondary,1,1,Urban,1,1,1,,1,0,1.0,1,4,1.0,1
2021,152821123,1.60271294220541,Female,51.0,Primary or less,1,1,Urban,0,0,0,,1,0,1.0,2,4,1.0,0
2021,135214061,0.903261177331475,Male,55.0,Secondary,5,1,Rural,1,0,1,,1,1,1.0,1,4,1.0,1
2021,198670776,0.719885658711027,Female,43.0,Secondary,5,1,Urban,1,0,1,,1,0,1.0,1,4,5.0,1
2021,132869741,1.25041508788531,Female,25.0,Primary or less,4,1,Rural,1,0,1,,1,0,1.0,2,4,1.0,1
2021,132211464,0.266955458856948,Female,27.0,Secondary,5,0,Urban,1,1,0,,1,1,1.0,1,4,1.0,1
2021,147875369,0.578221497623994,Male,58.0,Secondary,5,1,Rural,1,0,1,,0,0,1.0,1,4,1.0,1
2021,191108731,0.753502292114851,Female,24.0,Secondary,5,0,Urban,1,0,1,,1,1,1.0,1,4,1.0,1
2021,166873081,2.85619353367615,Female,63.0,Primary or less,1,0,Rural,0,0,0,,0,1,1.0,2,4,3.0,0
2021,170845482,0.954560037936653,Female,71.0,Secondary,5,0,Urban,1,1,0,,0,0,1.0,2,4,2.0,0
2021,186390730,0.483319884162175,Female,26.0,Tertiary+,4,1,Urban,1,1,1,,1,1,1.0,1,1,1.0,1
2021,173433455,0.3390253946243,Male,23.0,Secondary,4,1,Urban,1,1,1,,1,0,1.0,1,4,1.0,1
2021,113109917,0.406569879394988,Female,29.0,Secondary,5,0,Urban,1,0,1,,1,1,1.0,1,4,1.0,1
2021,143309249,0.909367177169183,Female,23.0,Secondary,5,1,Rural,1,0,1,,1,1,0.0,1,4,1.0,1
2021,188278918,0.505506347320878,Male,28.0,Secondary,5,1,Urban,1,0,1,,1,1,1.0,1,4,1.0,1
2021,209455438,1.62450937314616,Male,21.0,Secondary,3,1,Rural,1,0,1,,0,0,1.0,1,4,1.0,1
2021,138978362,2.51089377787006,Female,48.0,Primary or less,4,0,Rural,1,1,0,,0,0,1.0,2,4,5.0,0
2021,200009281,3.00413110804992,Female,24.0,Primary or less,1,1,Rural,0,0,0,,1,0,1.0,1,4,3.0,0
2021,130855393,1.04265982875923,Male,18.0,Secondary,5,1,Urban,0,0,0,,1,1,1.0,2,4,3.0,0
2021,125921339,1.39530648231318,Male,38.0,Primary or less,2,1,Rural,0,0,0,,1,0,1.0,2,4,5.0,0
2021,174369515,0.968817648620432,Female,22.0,Secondary,4,1,Urban,1,0,1,,1,1,1.0,1,4,1.0,1
2021,144956503,0.508794467750405,Male,27.0,Secondary,4,0,Urban,0,0,0,,0,0,1.0,2,4,5.0,0
2021,136361003,0.266955458856948,Female,34.0,Secondary,1,1,Rural,1,1,1,,1,1,1.0,1,4,1.0,1
2021,164105084,0.324871983326184,Female,52.0,Primary or less,3,1,Rural,0,0,0,,0,0,1.0,2,4,5.0,0
2021,127071311,0.764882574880061,Female,32.0,Secondary,4,0,Urban,1,1,0,,1,0,1.0,2,4,5.0,1
2021,147303657,0.484976406806914,Male,23.0,Secondary,4,1,Urban,1,0,1,,1,0,0.0,2,4,5.0,1
2021,126962333,0.981438655100944,Female,15.0,Secondary,1,1,Urban,1,1,1,,1,1,1.0,1,4,4.0,1
2021,208444036,0.902490196468167,Male,64.0,Primary or less,5,0,Rural,0,0,0,,0,0,1.0,2,4,5.0,0
2021,152301350,0.266955458856948,Male,26.0,Secondary,1,0,Rural,0,0,0,,0,1,1.0,2,4,1.0,0
2021,139356114,3.00413110804992,Female,52.0,Primary or less,1,1,Urban,1,0,1,,1,0,1.0,2,4,2.0,1
2021,118694987,0.360414835769671,Male,20.0,Secondary,5,1,Urban,1,0,1,,0,0,1.0,1,4,1.0,1
2021,162602255,2.72815196468522,Female,21.0,Primary or less,2,1,Rural,1,1,1,,1,1,1.0,2,4,1.0,1
2021,166850991,2.2765754193817,Female,28.0,Primary or less,3,1,Urban,1,1,1,,1,1,1.0,1,4,1.0,1
2021,198671016,0.948113404217879,Male,45.0,Secondary,1,1,Urban,1,0,1,,1,0,1.0,2,4,1.0,1
2021,147923810,1.05683826963302,Female,27.0,Secondary,3,1,Urban,1,1,1,,1,1,1.0,1,4,1.0,1
2021,183243809,1.5843785949047,Male,24.0,Secondary,3,1,Urban,1,1,1,,1,0,1.0,1,4,1.0,1
2021,165194152,1.17443544278054,Male,16.0,Primary or less,1,0,Urban,0,0,0,,0,1,1.0,2,4,5.0,0
2021,196299101,0.764882574880061,Female,30.0,Secondary,4,0,Rural,0,0,0,,1,1,1.0,1,4,1.0,0
2021,119333541,2.13089152688567,Female,32.0,Secondary,2,1,Rural,1,1,1,,1,0,1.0,1,4,5.0,1
2021,200534398,1.40911769284403,Female,25.0,Secondary,3,1,Urban,1,0,1,,1,0,1.0,1,4,2.0,1
2021,182367341,3.00413110804992,Male,42.0,Primary or less,5,1,Urban,1,1,0,,1,1,0.0,2,4,1.0,1
2021,166689140,0.409631981457156,Female,32.0,Secondary,3,1,Urban,0,0,0,,1,1,1.0,2,4,1.0,0
2021,173323864,0.972709184890361,Male,27.0,Primary or less,3,1,Rural,1,0,1,,1,1,1.0,1,4,1.0,1
2021,120623967,0.678392623667206,Male,31.0,Secondary,2,1,Urban,1,1,1,,1,1,1.0,1,4,1.0,1
2021,165937604,0.921161016577988,Male,18.0,Secondary,4,0,Urban,0,0,0,,1,0,1.0,1,4,5.0,0
2021,141354921,0.720829671539341,Male,22.0,Secondary,3,1,Urban,1,1,1,,0,1,1.0,1,4,1.0,1
2021,193313055,0.266955458856948,Female,18.0,Secondary,2,1,Rural,1,1,1,,1,1,1.0,1,4,1.0,1
2021,200745121,0.266955458856948,Female,43.0,Primary or less,5,1,Rural,1,1,1,,1,1,1.0,2,4,5.0,1
2021,181617721,0.805692665842827,Male,21.0,Secondary,3,1,Urban,1,0,1,,1,1,1.0,1,4,1.0,1
2021,208242769,1.26750287592376,Male,23.0,Primary or less,2,0,Urban,0,0,0,,0,0,,4,5,6.0,0
2021,203007433,1.23818898967057,Female,40.0,Secondary,5,1,Urban,1,1,1,,0,1,1.0,1,4,1.0,1
2021,196293140,1.9860057189214,Female,18.0,Secondary,1,1,Rural,1,0,1,,1,1,1.0,1,4,1.0,1
2021,128781406,1.12294909495285,Female,18.0,Secondary,4,1,Urban,1,0,1,,0,1,1.0,1,4,1.0,1
2021,160287324,0.892511190365908,Male,31.0,Secondary,3,1,Rural,1,0,1,,1,1,1.0,1,4,3.0,1
2021,123649772,1.21909504020661,Female,20.0,Secondary,2,0,Urban,0,0,0,,0,0,1.0,2,4,5.0,0
2021,182482043,1.7195051652154,Male,48.0,Primary or less,1,0,Rural,0,0,0,,0,0,1.0,2,4,3.0,0
2021,181583541,1.40911769284403,Female,29.0,Primary or less,4,1,Urban,1,0,1,,1,1,1.0,1,4,2.0,1
2021,189923964,2.4317729622259,Male,32.0,Primary or less,2,1,Rural,1,0,1,,1,1,1.0,1,4,1.0,1
2021,149913309,1.25983036623294,Male,35.0,Primary or less,1,1,Urban,0,0,0,,0,0,0.0,2,4,5.0,0
2021,132714494,0.266955458856948,Female,30.0,Secondary,5,1,Urban,1,1,1,,1,1,1.0,1,4,1.0,1
2021,147589571,0.411010790989823,Female,22.0,Secondary,1,1,Rural,0,0,0,,0,0,1.0,2,4,5.0,0
2021,161419640,1.76660563973208,Female,20.0,Secondary,4,0,Urban,1,0,1,,0,0,1.0,1,4,4.0,1
2021,127512517,0.294891710916482,Male,20.0,Secondary,1,0,Rural,0,0,0,,0,0,0.0,2,4,5.0,0
2021,175075679,0.46741379580392,Male,17.0,Secondary,2,0,Rural,0,0,0,,1,0,1.0,2,4,5.0,0
2021,173206557,1.36232810647816,Male,38.0,Secondary,2,1,Rural,1,1,1,,1,1,1.0,2,4,1.0,1
2021,180001025,1.09752699498932,Male,37.0,Primary or less,3,0,Rural,0,0,0,,0,0,0.0,2,4,5.0,0
2021,116311416,0.322743977900777,Male,26.0,Secondary,3,1,Urban,0,0,0,,1,0,1.0,2,4,1.0,0
2021,156370390,1.62450937314616,Male,19.0,Secondary,3,0,Rural,1,0,1,,0,1,1.0,1,4,2.0,1
2021,182143611,0.266955458856948,Female,22.0,Secondary,5,1,Rural,1,1,0,,1,0,1.0,1,4,5.0,1
2021,172677055,1.0270155306639,Female,30.0,Primary or less,3,1,Rural,0,0,0,,1,1,1.0,1,4,1.0,0
2021,157856693,0.266955458856948,Female,54.0,Secondary,2,1,Rural,1,1,0,,0,0,1.0,2,4,5.0,0
2021,209566988,1.12457601158014,Female,31.0,Secondary,3,1,Urban,1,0,1,,1,1,1.0,2,4,1.0,1
2021,149526429,0.266955458856948,Female,20.0,Secondary,4,1,Urban,1,1,1,,1,1,1.0,1,4,1.0,1
2021,179274087,1.54052329599585,Female,31.0,Primary or less,3,1,Rural,0,0,0,,1,1,1.0,2,4,5.0,0
2021,165592839,1.07524414140175,Female,30.0,Primary or less,2,1,Rural,0,0,0,,1,1,1.0,2,4,3.0,0
2021,197173260,0.281664745069387,Male,18.0,Secondary,5,1,Urban,0,0,0,,0,0,0.0,2,4,5.0,0
2021,176717986,0.294891710916482,Male,20.0,Primary or less,3,0,Rural,0,0,0,,1,0,0.0,2,4,5.0,0
2021,203582053,0.392575462040378,Female,23.0,Secondary,3,1,Rural,1,0,1,,1,1,1.0,1,4,1.0,1
2021,145893156,1.09752699498932,Male,37.0,Primary or less,2,0,Rural,1,0,1,,0,1,1.0,2,4,5.0,1
2021,206484262,0.537128443895219,Male,23.0,Primary or less,3,1,Urban,0,0,0,,1,1,1.0,1,4,4.0,0
2021,170799717,0.341635166256595,Male,28.0,Secondary,1,0,Urban,1,0,1,,0,1,1.0,1,4,1.0,1
2021,201864795,3.00413110804992,Female,40.0,Primary or less,3,1,Urban,1,1,0,,1,1,1.0,2,4,5.0,1
2021,121226621,1.16623384773119,Male,19.0,Secondary,1,1,Rural,1,0,1,,1,0,1.0,1,4,1.0,1
2021,122234823,1.21450210080164,Male,36.0,Secondary,1,1,Rural,1,0,1,,1,1,1.0,2,4,1.0,1
2021,155123200,0.353960525770217,Female,37.0,,3,1,Rural,1,0,1,,1,1,1.0,2,4,5.0,1
2021,131381253,0.346771984300697,Male,25.0,Secondary,5,1,Urban,1,1,0,,1,1,1.0,1,4,1.0,1
2021,133092522,0.813139758789976,Female,29.0,Secondary,3,1,Urban,0,0,0,,0,1,1.0,2,4,5.0,0
2021,136190085,0.336812903666578,Male,40.0,Secondary,3,1,Urban,1,1,1,,1,1,1.0,1,4,1.0,1
2021,183821651,1.15619282806992,Female,19.0,Secondary,2,0,Urban,0,0,0,,0,0,1.0,1,4,1.0,0
2021,115880890,0.353960525770217,Female,39.0,Tertiary+,5,1,Urban,1,1,1,,1,1,1.0,1,4,1.0,1
2021,141661982,0.709141725250344,Female,25.0,Secondary,4,1,Urban,1,0,1,,1,0,1.0,1,4,5.0,1
2021,121398815,0.811584614897426,Male,25.0,Primary or less,1,1,Rural,0,0,0,,0,0,1.0,2,4,5.0,0
2021,155383478,1.57858721703317,Female,28.0,Secondary,4,1,Urban,1,0,1,,1,1,1.0,1,4,1.0,1
2021,200595328,0.369859106770824,Female,30.0,Secondary,5,1,Urban,1,1,1,,1,0,1.0,1,4,1.0,1
2021,145458449,0.981438655100944,Female,18.0,Secondary,1,1,Urban,1,1,1,,1,1,1.0,1,4,1.0,1
2021,134179113,0.583410898060166,Male,29.0,Secondary,4,1,Urban,1,0,1,,1,0,1.0,1,4,4.0,1
2021,169072617,2.0540310613278,Female,26.0,Primary or less,2,1,Rural,0,0,0,,1,1,0.0,2,4,5.0,0
2021,168425090,2.43137699929115,Male,16.0,Primary or less,2,1,Rural,1,1,0,,1,1,1.0,2,4,1.0,1
2021,125410525,0.864005952888565,Female,19.0,Primary or less,5,0,Urban,0,0,0,,0,0,1.0,2,4,5.0,0
2021,151661263,1.26750287592376,Male,21.0,Secondary,2,1,Urban,0,0,0,,1,1,1.0,1,4,1.0,0
2021,185388722,0.406615797982485,Female,36.0,Secondary,5,1,Urban,1,1,0,,1,1,1.0,1,4,5.0,0
2021,166374836,3.00413110804992,Female,40.0,Primary or less,3,1,Rural,0,0,0,,1,0,0.0,2,4,5.0,0
2021,157766721,0.266955458856948,Female,40.0,Secondary,1,0,Rural,0,0,0,,0,1,1.0,2,4,5.0,0
2021,113244676,1.51477143514467,Male,38.0,Primary or less,2,0,Rural,0,0,0,,1,0,1.0,2,4,1.0,0
2021,198217390,0.847990779584008,Male,28.0,Secondary,1,1,Urban,1,0,1,,1,1,1.0,1,4,1.0,1
2021,156825481,0.848424245166154,Male,27.0,Secondary,2,1,Rural,1,0,1,,0,1,1.0,1,4,3.0,1
2021,169944957,0.631434886813266,Female,30.0,Tertiary+,4,0,Urban,1,0,1,,1,0,1.0,1,4,5.0,1
2021,150923241,0.458225320264711,Female,32.0,Primary or less,2,1,Rural,0,0,0,,0,1,1.0,2,4,3.0,0
2021,132594692,0.771465351912713,Male,25.0,Primary or less,1,1,Rural,0,0,0,,0,0,0.0,2,4,5.0,0
2021,158735442,0.342026499354155,Male,45.0,Secondary,3,1,Urban,1,0,1,,1,1,1.0,1,4,1.0,1
2021,133819300,0.614040585860566,Male,26.0,Secondary,4,1,Rural,1,0,1,,1,1,1.0,2,4,1.0,1
2021,210960456,0.533844397449787,Female,42.0,Primary or less,2,1,Rural,0,0,0,,1,1,1.0,2,4,3.0,0
2021,126394246,0.266955458856948,Male,36.0,Tertiary+,5,0,Urban,1,1,0,,1,1,1.0,1,4,1.0,1
2021,132187037,0.867144621052439,Female,18.0,Secondary,2,1,Rural,1,1,1,,1,1,1.0,1,4,1.0,1
2021,200713124,1.0270155306639,Female,28.0,Primary or less,4,1,Rural,0,0,0,,0,1,0.0,2,4,5.0,0
2021,197255515,0.505506347320878,Male,30.0,Primary or less,3,1,Rural,0,0,0,,1,1,1.0,2,4,5.0,0
2021,114113425,1.23981267292636,Male,18.0,Secondary,4,0,Urban,0,0,0,,0,1,0.0,2,4,5.0,0
2021,112796333,1.04265982875923,Male,19.0,Secondary,5,1,Urban,1,0,1,,0,1,1.0,1,4,2.0,1
2021,148804721,0.684636946883395,Male,30.0,Primary or less,3,1,Urban,0,0,0,,1,1,0.0,2,4,2.0,0
2021,147026988,1.5843785949047,Male,19.0,Secondary,2,1,Urban,0,0,0,,1,1,1.0,1,4,1.0,0
2021,151669345,1.14092242849911,Male,25.0,Primary or less,5,1,Urban,0,0,0,,1,0,1.0,1,4,4.0,0
2021,167404448,0.872232475843341,Male,21.0,Secondary,3,1,Urban,1,0,1,,1,1,1.0,1,4,5.0,1
2021,193519476,1.26480065604308,Female,36.0,Primary or less,2,1,Rural,0,0,0,,1,1,1.0,2,4,1.0,0
2021,139631430,0.266955458856948,Female,45.0,Primary or less,1,1,Rural,0,0,0,,0,1,1.0,2,4,5.0,0
2021,144367244,0.906082848366529,Male,26.0,Secondary,2,1,Urban,1,1,0,,1,0,1.0,1,4,1.0,1
2021,120687581,0.782956961853692,Male,18.0,Primary or less,4,1,Rural,0,0,0,,0,0,1.0,2,4,2.0,0
2021,142280058,0.785150924080756,Female,23.0,Secondary,3,1,Rural,0,0,0,,1,0,0.0,2,4,3.0,0
2021,167021425,2.59115510016604,Male,60.0,Primary or less,4,0,Rural,0,0,0,,1,1,0.0,2,4,1.0,0
2021,136798024,1.70471322150854,Female,28.0,Secondary,2,1,Rural,1,0,1,,1,0,0.0,2,4,1.0,1
2021,195435687,0.289655741750467,Male,39.0,Primary or less,5,1,Urban,1,0,1,,1,1,1.0,2,4,1.0,1
2021,188798010,1.22808117172113,Male,33.0,Primary or less,3,1,Rural,1,1,0,,0,0,1.0,1,4,2.0,0
2021,162361232,0.73692881326239,Male,22.0,Secondary,5,1,Urban,1,0,1,,0,0,1.0,1,4,2.0,1
2021,182386834,1.29600892933285,Female,18.0,Secondary,3,0,Urban,1,0,1,,1,0,1.0,1,4,1.0,1
2021,143705609,0.693543968601393,Male,27.0,Secondary,5,0,Urban,0,0,0,,0,1,1.0,2,4,5.0,0
2021,164520776,0.921161016577988,Male,18.0,Secondary,5,1,Urban,0,0,0,,1,1,1.0,1,4,1.0,0
2021,192353194,0.86235352651753,Male,22.0,Primary or less,1,0,Rural,0,0,0,,0,0,1.0,2,4,5.0,0
2021,114840564,0.702299840546111,Male,50.0,Secondary,4,0,Rural,1,0,1,,1,1,1.0,1,4,5.0,1
2021,181989543,0.731576145868557,Female,26.0,Secondary,4,1,Urban,1,1,1,,1,1,1.0,1,4,1.0,1
2021,177249970,0.266955458856948,Female,32.0,Secondary,5,1,Rural,1,0,1,,1,1,1.0,1,4,1.0,1
2021,137083910,0.368431162410496,Male,25.0,Primary or less,2,1,Rural,0,0,0,,1,1,0.0,2,4,5.0,0
2021,118938206,0.771465351912713,Male,33.0,Primary or less,4,0,Rural,1,1,0,,0,1,1.0,2,4,5.0,0
2021,116291399,0.805169917479574,Male,39.0,Primary or less,5,1,Urban,1,0,1,,1,0,1.0,1,4,1.0,1
2021,159508980,2.46945818904355,Male,38.0,Primary or less,2,0,Urban,1,0,1,,0,0,1.0,2,4,1.0,1
2021,175785557,0.552696609946793,Male,,Secondary,4,1,Urban,1,0,1,,0,0,1.0,1,4,6.0,1
2021,149652421,0.441651409933019,Female,23.0,Secondary,5,1,Urban,0,0,0,,1,0,1.0,1,4,1.0,0
2021,172610779,0.439895975142809,Male,32.0,Secondary,3,0,Rural,0,0,0,,0,0,1.0,2,4,2.0,0
2021,131754452,0.392575462040378,Female,15.0,Secondary,5,1,Urban,1,1,1,,1,1,1.0,2,1,5.0,1
2021,148463296,1.30293329260336,Female,19.0,Secondary,2,1,Rural,1,0,1,,0,0,1.0,2,4,5.0,1
2021,199227137,0.568040077613359,Female,38.0,Secondary,3,1,Urban,1,1,1,,1,1,1.0,2,4,2.0,1
2021,126148148,3.00413110804992,Male,57.0,Primary or less,4,1,Urban,1,0,1,,0,1,1.0,1,4,1.0,1
2021,187028129,1.21244101701728,Male,20.0,Secondary,4,1,Urban,0,0,0,,0,0,1.0,2,4,5.0,0
2021,152489598,0.995163218876512,Female,26.0,Secondary,2,1,Rural,1,1,1,,0,1,1.0,1,4,1.0,1
2021,190565395,2.85619353367615,Female,69.0,Primary or less,3,0,Rural,1,0,1,,1,0,1.0,2,4,1.0,1
2021,122930379,3.00413110804992,Female,40.0,Primary or less,4,1,Urban,1,0,1,,1,1,1.0,2,4,2.0,1
2021,112184032,0.948113404217879,Male,50.0,Primary or less,3,1,Urban,1,1,0,,0,1,0.0,2,4,1.0,1
2021,208180886,0.402940953628086,Male,40.0,Primary or less,1,1,Rural,0,0,0,,1,0,1.0,2,4,4.0,0
2021,115001271,2.45009341057119,Male,32.0,Primary or less,2,1,Urban,0,0,0,,1,1,1.0,2,4,5.0,0
2021,112403849,1.24695085632763,Female,32.0,Secondary,3,1,Urban,0,0,0,,0,0,1.0,2,4,5.0,0
2021,189307253,0.685866642605606,Male,20.0,Secondary,2,1,Urban,1,0,1,,1,1,1.0,1,4,5.0,1
2021,171565193,0.339196311833603,Male,27.0,Secondary,3,1,Urban,0,0,0,,0,1,1.0,2,4,1.0,0
2021,148063624,2.7068613807053,Female,15.0,Primary or less,1,1,Rural,0,0,0,,0,1,0.0,1,4,5.0,0
2021,127812087,2.16001488222141,Female,23.0,Secondary,2,0,Urban,0,0,0,,0,1,0.0,2,4,5.0,0
2021,112482127,1.21909504020661,Female,16.0,Secondary,2,1,Rural,0,0,0,,1,0,1.0,1,4,5.0,0
2021,174158736,0.368464406631195,Male,18.0,Secondary,4,0,Urban,1,0,1,,0,0,1.0,1,4,1.0,1
2021,146640416,1.42227378301595,Female,60.0,Secondary,5,1,Rural,1,1,1,,1,0,1.0,1,4,1.0,1
2021,179423113,0.339369698066462,Male,33.0,Secondary,2,1,Rural,1,1,1,,0,1,1.0,1,4,1.0,1
2021,116018987,0.266955458856948,Female,29.0,Secondary,5,1,Urban,1,0,1,,1,1,1.0,1,4,1.0,1
2021,132808714,0.266955458856948,Male,21.0,Secondary,5,0,Urban,0,0,0,,1,1,1.0,1,4,1.0,0
2021,159820175,0.406365013402203,Female,22.0,Secondary,5,1,Rural,1,1,1,,1,1,1.0,1,4,1.0,1
2021,154075828,0.291558461932796,Male,20.0,Secondary,2,1,Urban,0,0,0,,1,0,0.0,2,4,5.0,0
2021,177619650,0.385732675956356,Male,32.0,Primary or less,1,1,Rural,0,0,0,,1,1,0.0,2,4,5.0,0
2021,201911458,1.95739240463423,Male,18.0,Primary or less,2,1,Rural,1,0,1,,1,1,1.0,2,4,1.0,1
2021,157338631,0.785150924080756,Female,18.0,Primary or less,2,1,Rural,0,0,0,,0,0,0.0,2,4,5.0,0
2021,128698598,0.613113173424841,Female,33.0,Secondary,1,1,Rural,1,0,1,,0,0,1.0,2,4,1.0,1
2021,195461857,0.281664745069387,Male,18.0,Primary or less,2,0,Rural,0,0,0,,0,0,0.0,2,4,1.0,0
2021,156546217,0.813555409652458,Female,25.0,Secondary,5,1,Rural,1,0,1,,1,1,1.0,1,4,1.0,1
2021,196917178,0.514399981954205,Male,22.0,Secondary,3,1,Urban,0,0,0,,1,1,1.0,2,4,5.0,0
2021,154272814,0.619906336463179,Male,24.0,Secondary,4,1,Urban,1,0,1,,0,1,0.0,1,4,2.0,1
2021,184439757,0.616516186484735,Female,20.0,Secondary,2,0,Rural,0,0,0,,1,1,1.0,1,4,3.0,0
2021,200051268,0.315717443406633,Female,28.0,Secondary,5,0,Urban,1,1,0,,1,1,1.0,1,4,3.0,1
2021,149429941,1.60271294220541,Female,45.0,Primary or less,3,1,Urban,0,0,0,,1,1,1.0,2,4,5.0,0
2021,168450710,1.23866594298358,Male,52.0,Primary or less,4,0,Urban,1,0,1,,1,0,1.0,2,4,5.0,1
2021,204545014,1.1928818075252,Male,32.0,Secondary,2,1,Urban,0,0,0,,1,1,1.0,2,4,1.0,0
2021,162628393,0.978678109938063,Male,18.0,Secondary,3,0,Rural,0,0,0,,1,0,1.0,1,4,3.0,0
2021,159646754,1.08605542433776,Female,27.0,Secondary,4,1,Urban,0,0,0,,0,0,1.0,1,4,5.0,0
2021,139769965,2.28501270276619,Female,24.0,Primary or less,2,1,Rural,0,0,0,,0,1,1.0,2,4,3.0,0
2021,205245496,0.94449313467139,Male,17.0,Secondary,4,0,Rural,0,0,0,,1,1,1.0,1,4,1.0,0
2021,117633590,1.29667140736745,Female,18.0,Secondary,1,0,Urban,0,0,0,,0,0,0.0,2,4,5.0,0
2021,205913028,2.1504882828035,Female,28.0,Primary or less,3,0,Rural,0,0,0,,0,0,0.0,2,4,5.0,0
2021,173038437,1.21244101701728,Male,21.0,Secondary,3,1,Urban,0,0,0,,0,1,0.0,2,4,5.0,0
2021,199993527,0.596440903762601,Male,33.0,Secondary,5,1,Urban,1,0,1,,1,0,1.0,1,4,1.0,1
2021,140781812,2.16111901227908,Female,18.0,Secondary,2,1,Rural,1,0,1,,0,1,1.0,1,4,1.0,1
2021,176688805,1.73776638126538,Male,18.0,Secondary,5,0,Urban,1,0,1,,1,0,0.0,1,4,5.0,1
2021,181405716,0.695106552506151,Male,20.0,Secondary,4,0,Urban,0,0,0,,0,1,0.0,1,4,3.0,0
2021,151803713,0.805692665842827,Male,15.0,Secondary,3,1,Urban,0,0,0,,0,0,0.0,2,4,5.0,0
2021,142799562,0.654174356882506,Male,20.0,Secondary,2,0,Urban,0,0,0,,1,1,0.0,2,4,5.0,0
2021,204467364,0.779222223002457,Male,29.0,Secondary,4,1,Urban,1,1,1,,1,1,1.0,1,4,1.0,1
2021,170278501,0.268828481483379,Female,79.0,Secondary,5,0,Urban,1,1,1,,0,1,1.0,1,1,4.0,1
2021,129242507,0.369463561498803,Female,28.0,Secondary,4,1,Rural,0,0,0,,1,1,0.0,2,4,3.0,0
2021,167064618,0.695106552506151,Male,19.0,Secondary,3,1,Urban,0,0,0,,1,0,0.0,2,4,1.0,0
2021,140360474,0.82731012076691,Female,24.0,Primary or less,5,0,Rural,1,0,1,,1,0,1.0,1,4,2.0,1
2021,167539820,0.785150924080756,Female,18.0,Primary or less,3,1,Rural,0,0,0,,0,0,1.0,2,4,5.0,0
2021,206754135,0.58553025060175,Male,28.0,Primary or less,4,1,Rural,0,0,0,,1,0,1.0,2,4,1.0,0
2021,176496909,0.266955458856948,Female,33.0,Primary or less,5,1,Urban,0,0,0,,0,1,0.0,2,4,2.0,0
2021,170684137,0.266955458856948,Female,36.0,Secondary,3,1,Rural,1,1,0,,0,1,1.0,2,4,5.0,1
2021,175353329,1.54749382805631,Male,41.0,Secondary,4,1,Urban,1,0,1,,1,0,1.0,2,4,1.0,1
2021,202852745,0.355555383449788,Male,32.0,,5,1,Rural,1,0,1,,1,1,0.0,2,4,1.0,1
2021,180721618,0.305172546074149,Male,30.0,Secondary,4,1,Urban,1,0,1,,1,1,1.0,1,4,1.0,1
2021,122493602,0.392575462040378,Female,15.0,Secondary,1,1,Rural,0,0,0,,0,0,0.0,2,4,5.0,0
2021,171285884,0.313499012642984,Female,35.0,Secondary,5,1,Urban,1,1,1,,1,1,1.0,1,4,1.0,1
2021,166756325,1.52969860340022,Female,42.0,Primary or less,1,0,Rural,0,0,0,,0,0,0.0,2,4,5.0,0
2021,175234837,0.391956548239516,Female,51.0,Tertiary+,5,1,Urban,1,1,0,,1,1,1.0,1,4,1.0,1
2021,127294307,0.608805051862575,Female,40.0,Secondary,3,1,Rural,1,0,1,,1,1,1.0,1,4,1.0,1
2021,141618412,1.26955111986174,Female,43.0,Secondary,3,1,Rural,0,0,0,,1,0,1.0,2,4,2.0,0
2021,160743592,0.607845094575946,Female,21.0,Secondary,1,0,Urban,1,0,1,,0,0,1.0,1,4,2.0,1
2021,132657588,0.266955458856948,Female,41.0,Secondary,3,1,Urban,1,1,1,,0,1,1.0,1,4,1.0,1
2021,120834078,0.753887458224629,Female,23.0,Secondary,1,0,Rural,1,0,1,,1,1,1.0,1,4,1.0,1
2021,196751147,3.00413110804992,Female,60.0,Primary or less,2,1,Urban,0,0,0,,0,0,1.0,2,4,1.0,0
2021,185279094,2.72815196468522,Female,16.0,Primary or less,1,0,Rural,0,0,0,,0,0,1.0,2,4,5.0,0
2021,158577300,1.72801190577713,Female,22.0,Secondary,4,1,Urban,1,1,0,,1,0,0.0,2,4,1.0,1
2021,206622129,0.523064669203609,Female,33.0,Secondary,2,1,Urban,1,0,1,,1,1,1.0,1,4,1.0,1
2021,170572629,2.41817496823541,Male,46.0,Primary or less,3,0,Urban,0,0,0,,0,0,1.0,2,4,5.0,0
2021,191411744,0.266955458856948,Female,30.0,Tertiary+,5,0,Rural,1,0,1,,0,0,,4,5,1.0,1
2021,158282364,0.864005952888565,Female,23.0,Secondary,5,1,Urban,1,1,1,,1,1,1.0,1,1,1.0,1
2021,144027479,0.385732675956356,Male,32.0,Primary or less,1,1,Rural,0,0,0,,0,1,0.0,2,4,5.0,0
2021,117485354,0.977199969452518,Female,15.0,Primary or less,3,1,Rural,0,0,0,,1,0,0.0,2,4,5.0,0
2021,196025915,0.514399981954205,Male,23.0,Secondary,4,1,Urban,0,0,0,,0,1,1.0,1,4,2.0,0
2021,180596802,0.458225320264711,Female,27.0,Secondary,1,0,Rural,1,0,1,,1,1,1.0,2,4,2.0,1
2021,153550114,0.805692665842827,Male,18.0,Secondary,3,1,Rural,1,1,1,,1,1,1.0,2,4,1.0,1
2021,170612775,0.266955458856948,Male,39.0,Secondary,1,1,Rural,1,1,1,,1,1,1.0,1,4,1.0,1
2021,158768601,0.753502292114851,Female,18.0,Secondary,5,1,Urban,1,1,1,,1,1,1.0,1,4,1.0,1
2021,174441670,1.36027275284859,Male,75.0,Primary or less,1,0,Urban,0,0,0,,0,0,1.0,2,4,5.0,0
2021,131921447,0.902490196468167,Male,58.0,Primary or less,5,1,Rural,0,0,0,,1,0,0.0,2,4,4.0,0
2021,177002395,0.598064054943664,Female,75.0,Primary or less,2,1,Rural,0,0,0,,1,1,0.0,2,4,5.0,0
2021,134215986,1.6286666157542,Female,19.0,Secondary,4,1,Urban,0,0,0,,0,1,1.0,2,4,3.0,0
2021,163416520,1.08508429284525,Male,26.0,Primary or less,4,1,Rural,0,0,0,,0,0,1.0,2,4,3.0,0
2021,114140684,0.404070054300368,Female,37.0,Secondary,2,1,Rural,1,1,1,,1,1,1.0,1,4,1.0,1
2021,140903653,0.469439230832723,Female,41.0,Tertiary+,5,1,Urban,1,1,1,,1,1,1.0,1,4,1.0,1
2021,189968493,1.15719802786907,Male,28.0,Primary or less,1,1,Rural,1,0,1,,0,0,0.0,2,4,5.0,1
2021,193184983,0.947952688077668,Female,59.0,Primary or less,5,1,Rural,0,0,0,,0,0,0.0,2,4,3.0,0
2021,208713537,0.472761150166896,Female,26.0,Secondary,4,1,Urban,1,0,1,,1,0,1.0,1,4,1.0,1
2021,175069965,0.266955458856948,Female,32.0,Secondary,1,1,Rural,0,0,0,,1,1,0.0,2,4,2.0,0
2021,167445410,1.23675014982353,Female,60.0,Secondary,3,1,Urban,1,1,1,,0,0,1.0,1,4,5.0,1
2021,192152763,0.67846924230677,Male,35.0,Secondary,1,0,Urban,1,1,1,,0,1,1.0,2,4,5.0,1
2021,182661379,0.363006253440392,Male,22.0,Secondary,5,0,Urban,1,1,1,,1,1,1.0,1,4,1.0,1
2021,201301010,0.720829671539341,Male,21.0,Secondary,1,1,Urban,1,0,1,,1,1,1.0,1,4,3.0,1
2021,120452284,3.00413110804992,Male,35.0,Primary or less,3,1,Urban,0,0,0,,1,1,0.0,2,4,2.0,0
2021,185407499,0.901037089424177,Male,20.0,Secondary,4,1,Urban,1,0,1,,1,1,1.0,1,4,1.0,1
2024,111171808,1.33288756372923,Female,23.0,Secondary,5,1,Urban,0,0,0,0,0,0,,1,4,3.0,0
2024,111205555,0.464332646459925,Male,28.0,Secondary,5,0,Urban,1,0,1,1,1,1,,1,4,1.0,1
2024,111401999,0.917756763898224,Male,100.0,Secondary,2,1,Urban,1,0,1,1,0,1,,1,4,1.0,1
2024,111412514,1.51525822912412,Female,53.0,Secondary,5,1,Rural,0,0,0,0,1,1,,1,4,1.0,0
2024,111413527,1.50343889029876,Male,15.0,Primary or less,1,0,Rural,0,0,0,0,1,1,,0,4,3.0,0
2024,111423660,1.39387715660297,Female,22.0,Primary or less,3,1,Urban,1,1,1,1,1,1,,1,1,3.0,1
2024,111430327,1.38661676481718,Female,44.0,Primary or less,1,1,Rural,0,0,0,0,0,1,,0,4,3.0,0
2024,111483209,1.16802418689027,Female,26.0,Secondary,3,1,Rural,1,0,1,1,1,1,,1,4,1.0,1
2024,111644746,0.723850219335094,Female,69.0,Primary or less,3,1,Rural,1,0,1,1,1,1,,0,4,1.0,1
2024,111648385,2.27417526981392,Female,65.0,Secondary,3,1,Urban,1,1,1,1,0,0,,1,4,1.0,1
2024,111649758,0.448159537033998,Female,33.0,Tertiary+,5,1,Urban,1,1,1,1,1,1,,1,4,1.0,1
2024,111723050,0.244830005845396,Male,19.0,Secondary,5,0,Urban,1,1,1,1,0,0,,1,4,1.0,1
2024,111757299,0.602686312295858,Male,23.0,Secondary,4,0,Rural,1,0,1,1,1,1,,1,4,1.0,1
2024,111776995,0.464332646459925,Male,29.0,Secondary,4,1,Urban,1,1,1,1,1,0,,1,4,1.0,1
2024,111947436,2.27417526981392,Female,75.0,Primary or less,1,0,Urban,0,0,0,0,0,0,,0,4,3.0,0
2024,112077007,0.244830005845396,Female,33.0,Secondary,5,1,Rural,1,0,1,1,1,1,,1,4,1.0,1
2024,112261447,0.502051984351893,Male,24.0,Secondary,5,1,Urban,1,0,1,1,1,1,,1,4,2.0,1
2024,112475372,0.453742889832417,Male,23.0,Secondary,4,1,Urban,0,0,0,0,1,1,,1,4,3.0,0
2024,112494375,1.65544547652463,Female,18.0,Secondary,5,0,Urban,1,1,0,0,1,0,,1,4,3.0,1
2024,112514323,0.244830005845396,Male,40.0,Secondary,1,1,Rural,0,0,0,0,0,0,,0,4,3.0,0
2024,112517139,0.829564443300878,Female,15.0,Secondary,2,1,Urban,1,0,1,1,0,1,,1,4,1.0,1
2024,112706344,0.84452611862068,Male,45.0,Primary or less,1,1,Rural,0,0,0,0,0,0,,0,4,3.0,0
2024,112720720,1.56602977561041,Male,48.0,Primary or less,1,1,Rural,0,0,0,0,0,1,,0,4,3.0,0
2024,112752164,0.619167204153649,Male,45.0,Secondary,5,1,Urban,1,0,1,1,1,1,,0,4,1.0,1
2024,113016399,0.275859650860622,Female,41.0,Secondary,4,1,Urban,1,1,1,1,1,1,,1,4,1.0,1
2024,113042947,0.669178479725018,Male,52.0,Tertiary+,5,1,Rural,1,1,1,1,1,1,,1,4,1.0,1
2024,113099569,0.719357559468148,Female,17.0,Secondary,5,1,Rural,0,0,0,0,1,0,,0,4,3.0,0
2024,113133909,1.08385689427072,Female,52.0,Primary or less,2,1,Rural,1,0,1,1,1,0,,0,4,3.0,1
2024,113336481,0.949900879106335,Male,25.0,Primary or less,2,0,Rural,0,0,0,0,0,1,,0,4,2.0,0
2024,113589402,0.258749882603041,Female,20.0,Secondary,5,1,Rural,1,0,1,1,1,0,,1,4,1.0,1
2024,113592699,1.90842288097802,Male,24.0,Secondary,3,1,Urban,1,0,1,1,1,0,,1,4,1.0,1
2024,113805942,0.536465874240202,Male,44.0,Secondary,4,1,Rural,1,0,1,1,1,1,,1,4,1.0,1
2024,113873023,0.574291819392962,Male,38.0,Secondary,4,1,Rural,1,1,1,1,1,1,,1,4,1.0,1
2024,113924921,1.8007206188005,Male,35.0,Primary or less,1,1,Rural,1,1,0,1,0,0,,0,4,3.0,0
2024,114044357,0.326824978692031,Male,42.0,Secondary,2,1,Urban,1,1,0,0,0,1,,1,4,1.0,1
2024,114056342,0.786372108727624,Male,17.0,Secondary,4,1,Rural,1,0,1,1,1,1,,0,4,2.0,1
2024,114146324,0.4878443912928,Female,25.0,Secondary,1,1,Rural,1,0,1,1,1,1,,1,4,1.0,1
2024,114180335,0.763369152391208,Male,19.0,Secondary,3,1,Urban,1,0,1,1,0,0,,1,4,1.0,1
2024,114287053,0.887578151815859,Male,23.0,Secondary,2,0,Urban,1,0,1,1,1,1,,0,4,2.0,1
2024,114451531,1.46955120827546,Female,17.0,Secondary,3,1,Urban,0,0,0,0,1,0,,1,4,3.0,0
2024,114487017,0.455365058237916,Male,26.0,Secondary,2,0,Rural,1,0,1,1,1,1,,1,4,3.0,1
2024,114756143,0.621402060150269,Female,21.0,Tertiary+,1,1,Urban,1,1,1,1,1,1,,1,4,1.0,1
2024,114960042,0.385030811052977,Male,26.0,Secondary,5,1,Urban,1,0,1,1,1,1,,1,4,1.0,1
2024,115062979,1.00830649400953,Female,50.0,Primary or less,1,1,Rural,0,0,0,0,0,1,,0,4,3.0,0
2024,115090086,1.68373868010877,Female,30.0,Primary or less,4,1,Urban,1,0,1,1,1,1,,0,4,1.0,1
2024,115197257,0.569345103508532,Female,61.0,Tertiary+,4,0,Rural,1,1,1,1,1,0,,0,4,1.0,1
2024,115339217,0.244830005845396,Male,35.0,Secondary,5,1,Urban,1,1,1,1,1,1,,1,4,1.0,1
2024,115375091,0.551815158841543,Female,23.0,Secondary,5,1,Urban,1,0,1,1,1,1,,1,4,1.0,1
2024,115665892,0.953632494261862,Male,28.0,Secondary,3,1,Rural,1,0,1,1,1,1,,1,4,1.0,1
2024,115756695,1.22388299274204,Female,26.0,Primary or less,3,1,Rural,1,0,1,1,1,1,,1,4,1.0,1
2024,115780635,0.993689284220439,Male,32.0,Secondary,1,1,Urban,1,0,1,1,1,1,,0,4,1.0,1
2024,115788925,1.06186151748495,Male,17.0,Secondary,4,0,Urban,0,0,0,0,0,0,,0,4,3.0,0
2024,115823262,1.74880049345482,Female,32.0,Primary or less,2,1,Rural,1,0,1,1,1,1,,0,4,1.0,1
2024,116067727,2.00254427833361,Female,40.0,Primary or less,1,1,Urban,1,0,1,1,1,1,,1,4,3.0,1
2024,116076203,0.751719445149378,Male,20.0,Primary or less,2,0,Rural,0,0,0,0,1,0,,0,4,3.0,0
2024,116091503,0.244830005845396,Male,36.0,Secondary,4,1,Rural,1,0,1,1,1,1,,0,4,1.0,1
2024,116106621,0.244830005845396,Female,22.0,Secondary,5,1,Urban,1,0,1,1,1,1,,1,4,1.0,1
2024,116121145,1.54552850690278,Male,19.0,Primary or less,4,0,Rural,0,0,0,0,0,1,,1,4,1.0,0
2024,116127129,1.50634505057961,Male,36.0,Primary or less,1,1,Rural,0,0,0,0,1,1,,0,4,3.0,0
2024,116185037,2.27417526981392,Female,71.0,Primary or less,4,1,Urban,1,1,0,0,0,0,,0,1,3.0,1
2024,116517760,0.326824978692031,Male,38.0,Tertiary+,3,1,Urban,1,1,0,1,1,1,,1,4,1.0,1
2024,116519199,1.92949936116413,Female,17.0,Primary or less,2,1,Rural,0,0,0,0,0,1,,0,4,3.0,0
2024,116593284,0.707386605606918,Female,23.0,Secondary,4,1,Urban,1,1,1,1,1,1,,0,4,3.0,1
2024,116604330,0.326194442035441,Male,23.0,Secondary,5,0,Urban,1,0,1,1,1,1,,1,4,3.0,1
2024,116695219,0.604905046157952,Male,35.0,Primary or less,1,1,Rural,0,0,0,0,0,1,,0,4,2.0,0
2024,116757808,0.381684576195604,Male,22.0,Secondary,5,0,Urban,0,0,0,0,0,0,,0,4,3.0,0
2024,116982790,0.815486105088603,Male,18.0,Secondary,3,1,Urban,1,1,1,1,1,1,,1,4,1.0,1
2024,116995946,0.584411241877566,Female,27.0,Secondary,4,1,Rural,1,0,1,1,1,1,,0,4,1.0,1
2024,117035622,1.06242851158807,Male,26.0,Secondary,2,0,Rural,1,0,1,1,1,1,,0,4,1.0,1
2024,117079686,1.9292437720431,Male,33.0,Primary or less,3,0,Urban,1,0,1,1,1,1,,0,4,1.0,1
2024,117306754,0.326194442035441,Male,19.0,Secondary,5,0,Urban,1,0,1,1,1,1,,1,4,1.0,1
2024,117452767,1.04381965768337,Male,24.0,Primary or less,2,0,Urban,0,0,0,0,0,1,,1,4,3.0,0
2024,117488863,1.04023631144594,Male,35.0,Primary or less,4,0,Rural,0,0,0,0,0,0,,0,4,3.0,0
2024,117494565,0.300815321364116,Male,17.0,Primary or less,2,1,Rural,0,0,0,0,0,0,,0,4,3.0,0
2024,117553585,2.23271391969735,Female,24.0,Primary or less,1,1,Urban,1,0,1,1,1,1,,1,4,1.0,1
2024,117667960,0.618287293048858,Male,33.0,Secondary,2,1,Urban,0,0,0,0,1,1,,1,4,1.0,0
2024,117973014,1.34212303201739,Male,38.0,Primary or less,2,0,Rural,0,0,0,0,0,0,,0,4,3.0,0
2024,118109909,2.24594189574228,Male,47.0,Primary or less,4,0,Urban,1,0,1,1,0,1,,0,4,1.0,1
2024,118189455,0.244830005845396,Male,39.0,Secondary,2,0,Rural,1,0,1,1,1,1,,1,4,1.0,1
2024,118222596,0.96853962815295,Female,20.0,Secondary,1,1,Rural,1,0,1,1,1,0,,0,4,1.0,1
2024,118318936,0.415318448092062,Male,35.0,Secondary,4,1,Rural,1,1,1,1,1,1,,1,4,1.0,1
2024,118526949,0.376586262644902,Male,36.0,Primary or less,1,0,Rural,0,0,0,0,0,0,,0,4,3.0,0
2024,118612273,1.38661676481718,Female,39.0,Primary or less,4,1,Rural,1,0,1,1,1,0,,0,4,3.0,1
2024,118705500,1.9287891863149,Female,65.0,Primary or less,1,0,Rural,0,0,0,0,0,0,,0,4,3.0,0
2024,118707554,1.38827806024933,Female,80.0,Primary or less,5,1,Rural,0,0,0,0,0,0,,0,4,2.0,0
2024,119034670,1.73969942947228,Male,21.0,Primary or less,2,1,Urban,0,0,0,0,1,1,,0,4,1.0,0
2024,119211714,2.27417526981392,Female,56.0,Primary or less,2,1,Rural,1,0,1,1,1,1,,0,4,1.0,1
2024,119307107,1.12844325157056,Male,22.0,Primary or less,1,1,Rural,0,0,0,0,0,0,,0,4,3.0,0
2024,119442276,1.49702033038028,Male,54.0,Primary or less,2,1,Rural,1,0,1,1,1,1,,0,4,1.0,1
2024,119507250,0.244830005845396,Female,24.0,Secondary,5,1,Urban,1,0,1,1,1,1,,1,4,1.0,1
2024,119700059,0.854332102203848,Female,19.0,Secondary,5,1,Urban,1,0,1,1,1,1,,1,4,1.0,1
2024,119769131,2.27417526981392,Female,35.0,Secondary,5,1,Urban,1,0,1,1,1,1,,1,4,1.0,1
2024,119825420,0.831585430258279,Female,35.0,Secondary,5,1,Rural,1,0,1,1,0,1,,1,4,3.0,1
2024,119925120,1.60601939400821,Female,52.0,Secondary,4,0,Urban,1,1,1,1,1,1,,1,4,1.0,1
2024,120147313,0.244830005845396,Female,27.0,Secondary,3,1,Rural,1,1,1,1,1,1,,1,1,1.0,1
2024,120398409,1.59576853177952,Female,35.0,Primary or less,4,1,Rural,0,0,0,0,1,1,,1,4,2.0,0
2024,120405799,1.03076966742751,Female,46.0,Tertiary+,5,1,Urban,1,1,1,1,1,0,,1,4,1.0,1
2024,120528473,2.27417526981392,Female,19.0,Primary or less,3,1,Urban,1,0,1,1,0,0,,1,4,2.0,1
2024,120815442,0.566554747958344,Male,24.0,Primary or less,4,1,Urban,0,0,0,0,1,1,,1,4,2.0,0
2024,120823017,1.00604491029477,Male,42.0,Secondary,2,1,Urban,1,0,1,1,1,1,,1,4,1.0,1
2024,120871776,0.367457160045984,Male,21.0,Secondary,4,0,Urban,1,0,1,1,1,0,,1,4,1.0,1
2024,120888400,2.27417526981392,Female,16.0,Secondary,4,0,Urban,0,0,0,0,0,0,,1,4,1.0,0
2024,120897973,0.707907678323299,Male,15.0,Secondary,5,0,Urban,0,0,0,0,1,1,,1,4,1.0,0
2024,120954296,0.564268206389691,Female,25.0,Primary or less,5,1,Urban,1,0,1,1,1,1,,1,4,1.0,1
2024,120975857,2.17328791100106,Male,28.0,Secondary,2,0,Urban,0,0,0,0,1,1,,0,4,1.0,0
2024,120981967,0.412191528699239,Male,30.0,Secondary,3,1,Urban,1,0,1,1,1,1,,1,4,1.0,1
2024,121165682,2.27417526981392,Male,27.0,Primary or less,1,1,Urban,1,1,0,0,0,1,,0,4,3.0,1
2024,121192019,1.52617637085943,Male,55.0,Secondary,3,1,Urban,1,0,1,1,0,0,,0,4,2.0,1
2024,121214700,0.343191581373958,Male,18.0,Secondary,2,0,Rural,1,0,1,1,1,1,,1,4,3.0,1
2024,121327034,1.74880049345482,Female,27.0,Primary or less,2,1,Rural,0,0,0,0,1,1,,0,4,2.0,0
2024,121458945,0.505086076374708,Female,54.0,Secondary,5,1,Rural,1,0,1,1,0,1,,0,4,1.0,1
2024,121859832,0.412191528699239,Male,26.0,Secondary,4,1,Urban,1,0,1,1,1,1,,0,4,1.0,1
2024,121932339,0.646385000778182,Male,15.0,Secondary,2,0,Urban,0,0,0,0,1,0,,0,4,3.0,0
2024,121942966,0.244830005845396,Male,19.0,Secondary,3,0,Urban,1,0,1,1,1,0,,1,4,1.0,1
2024,122067481,0.343854973646798,Male,40.0,Secondary,4,1,Rural,1,1,1,1,0,0,,1,4,1.0,1
2024,122562691,2.27417526981392,Female,44.0,Primary or less,1,1,Rural,1,0,1,1,1,1,,0,4,1.0,1
2024,122594909,0.807378067026444,Female,20.0,Secondary,1,1,Rural,1,0,1,1,1,1,,0,4,1.0,1
2024,122694507,0.244830005845396,Male,28.0,Primary or less,4,1,Urban,1,0,1,1,1,1,,0,4,3.0,1
2024,122764916,1.16586699563655,Female,28.0,Primary or less,3,1,Rural,1,0,1,1,1,1,,0,4,1.0,1
2024,122880730,0.464332646459925,Male,28.0,Secondary,5,1,Urban,1,1,1,1,1,1,,1,4,1.0,1
2024,122955486,0.760243040289175,Male,29.0,Secondary,1,1,Rural,0,0,0,0,0,1,,0,4,3.0,0
2024,122957945,2.27417526981392,Female,23.0,Primary or less,4,0,Urban,1,0,1,1,1,0,,1,4,1.0,1
2024,123425218,1.50343889029876,Male,17.0,Primary or less,2,0,Rural,0,0,0,0,1,0,,0,4,2.0,0
2024,123611354,1.33857720437377,Male,22.0,Secondary,3,1,Rural,0,0,0,0,1,1,,1,4,1.0,0
2024,123614468,0.927649174586728,Female,43.0,Primary or less,1,1,Rural,0,0,0,0,1,1,,0,4,3.0,0
2024,123687863,1.95524796401431,Female,19.0,Secondary,2,1,Rural,1,0,1,1,1,1,,1,4,1.0,1
2024,123723428,1.4248513186595,Male,26.0,Primary or less,1,1,Rural,1,0,1,1,1,1,,0,4,1.0,1
2024,124268708,0.244830005845396,Female,22.0,Secondary,5,1,Rural,1,0,1,1,1,1,,1,4,1.0,1
2024,124313229,0.70454217725353,Female,32.0,Primary or less,5,0,Urban,1,1,1,1,1,0,,1,4,3.0,1
2024,124430518,0.245284407821985,Female,29.0,Secondary,5,0,Urban,1,1,1,1,0,1,,1,4,1.0,1
2024,124434569,1.18046207936082,Male,23.0,Secondary,3,1,Rural,1,0,1,1,1,1,,1,4,1.0,1
2024,124692379,0.763369152391208,Male,24.0,Primary or less,4,0,Urban,0,0,0,0,0,1,,0,4,3.0,0
2024,124752077,0.83632629396178,Female,23.0,Secondary,3,0,Urban,1,1,0,0,0,0,,1,4,3.0,1
2024,124926334,0.719092791489149,Female,62.0,Secondary,4,1,Rural,1,0,1,1,1,0,,1,4,3.0,1
2024,124990020,1.28865760933677,Female,24.0,Secondary,2,1,Urban,1,0,1,1,1,1,,1,4,1.0,1
2024,125042243,0.574291819392962,Male,37.0,Secondary,3,0,Rural,0,0,0,0,0,0,,0,4,2.0,0
2024,125434577,0.349199637272066,Male,31.0,Secondary,5,1,Urban,1,0,1,1,1,1,,1,2,1.0,1
2024,125513556,0.382880633831114,Female,27.0,Secondary,5,1,Rural,1,1,1,1,1,1,,1,4,1.0,1
2024,125572123,0.922627729224126,Female,23.0,Primary or less,3,1,Rural,1,0,1,1,1,1,,1,4,1.0,1
2024,125615083,2.27417526981392,Female,33.0,Primary or less,2,1,Rural,0,0,0,0,0,0,,0,4,3.0,0
2024,125838319,0.753172525289803,Male,41.0,Primary or less,2,0,Urban,0,0,0,0,0,1,,0,4,3.0,0
2024,126294566,0.571985968956597,Male,23.0,Secondary,4,1,Rural,1,0,1,1,1,0,,1,4,1.0,1
2024,126507227,0.666443781864613,Female,18.0,Secondary,5,1,Urban,0,0,0,0,1,1,,1,4,1.0,0
2024,126556080,0.695623645084776,Male,60.0,Primary or less,3,1,Urban,0,0,0,0,0,1,,0,4,2.0,0
2024,126935877,0.751719445149378,Male,20.0,Primary or less,2,0,Rural,0,0,0,0,0,1,,0,4,2.0,0
2024,127244660,1.93322909999257,Female,36.0,Primary or less,2,1,Rural,0,0,0,0,1,0,,0,4,2.0,0
2024,127351382,0.647959725522693,Male,38.0,Secondary,4,1,Rural,0,0,0,0,0,0,,0,4,3.0,0
2024,127441831,0.560788517661614,Male,30.0,Secondary,4,0,Urban,1,1,1,1,1,0,,0,4,1.0,1
2024,127693375,0.59592016043568,Female,32.0,Secondary,5,1,Urban,1,1,1,1,0,1,,1,4,1.0,1
2024,127758141,0.98159457558404,Female,36.0,Secondary,4,1,Urban,1,0,1,1,1,1,,1,4,1.0,1
2024,127782050,0.584012093445136,Female,29.0,Secondary,5,1,Rural,1,1,1,1,1,1,,1,4,1.0,1
2024,128201683,0.386063560112579,Female,24.0,Secondary,5,1,Rural,0,0,0,0,0,0,,0,4,3.0,0
2024,128278680,2.27417526981392,Female,22.0,Secondary,4,1,Urban,1,0,1,1,1,0,,1,4,3.0,1
2024,128370659,0.646471601198504,Male,58.0,Secondary,1,0,Urban,0,0,0,0,0,0,,0,4,3.0,0
2024,128526193,0.244830005845396,Female,30.0,Tertiary+,5,1,Urban,1,1,1,1,1,1,,1,4,2.0,1
2024,128653210,0.244830005845396,Male,21.0,Secondary,1,1,Rural,0,0,0,0,1,0,,0,4,1.0,0
2024,128960569,0.244830005845396,Female,34.0,Tertiary+,5,1,Rural,1,1,1,1,1,1,,1,4,1.0,1
2024,129051570,2.27417526981392,Female,70.0,Primary or less,1,1,Rural,0,0,0,0,1,0,,0,4,1.0,0
2024,129255783,0.244830005845396,Male,29.0,Secondary,5,1,Rural,1,1,1,1,1,1,,1,4,1.0,1
2024,129305391,2.27417526981392,Male,37.0,Primary or less,1,1,Urban,0,0,0,0,1,0,,0,4,3.0,0
2024,129387809,0.414156615894248,Male,60.0,Secondary,3,0,Urban,1,0,1,1,0,1,,1,4,1.0,1
2024,129522694,0.656186311340577,Male,32.0,Secondary,3,1,Rural,1,0,1,1,1,1,,0,4,1.0,1
2024,129584042,0.386063560112579,Female,18.0,Secondary,3,1,Rural,0,0,0,0,1,1,,1,4,3.0,0
2024,129679533,2.27417526981392,Female,22.0,Secondary,3,0,Urban,1,0,1,1,1,1,,1,4,1.0,1
2024,129783823,0.414517182819351,Male,18.0,Secondary,4,1,Urban,0,0,0,0,1,0,,1,4,1.0,0
2024,130000358,0.751719445149378,Male,15.0,Primary or less,3,1,Rural,1,1,0,0,1,0,,0,4,3.0,1
2024,130030132,2.27417526981392,Female,78.0,Primary or less,1,1,Rural,1,1,1,1,1,1,,0,4,1.0,1
2024,130034365,1.24451337820129,Female,72.0,Primary or less,2,1,Rural,1,0,1,1,1,1,,0,4,1.0,1
2024,130165540,2.04301634828845,Male,30.0,Secondary,3,0,Rural,0,0,0,0,1,1,,1,4,1.0,0
2024,130371583,0.764844751515735,Male,35.0,Secondary,4,0,Urban,0,0,0,0,1,1,,0,4,2.0,0
2024,130479718,1.0543400520192,Female,50.0,Primary or less,1,0,Rural,0,0,0,0,0,1,,0,4,3.0,0
2024,130645966,0.482310943010774,Male,26.0,Secondary,3,1,Urban,0,0,0,0,1,0,,0,4,2.0,0
2024,130717007,2.27417526981392,Female,20.0,Primary or less,1,1,Rural,1,1,1,1,1,1,,1,4,1.0,1
2024,130883671,0.707386605606918,Female,23.0,Secondary,5,1,Urban,1,1,1,1,1,1,,1,4,2.0,1
2024,131248784,1.73969942947228,Male,17.0,Primary or less,3,0,Urban,0,0,0,0,1,1,,0,4,3.0,0
2024,131440977,1.11510172528237,Female,20.0,Secondary,4,0,Urban,0,0,0,0,0,1,,0,4,3.0,0
2024,131458377,1.13464338678368,Male,50.0,Primary or less,1,0,Rural,0,0,0,0,0,0,,0,4,3.0,0
2024,131528181,0.854017655262798,Female,60.0,Secondary,3,1,Urban,1,1,1,1,1,1,,1,4,1.0,1
2024,131556636,0.499107144601145,Female,34.0,Tertiary+,3,1,Rural,1,0,1,1,1,1,,1,4,1.0,1
2024,131692481,0.244830005845396,Female,24.0,Secondary,5,1,Urban,1,1,1,1,1,1,,1,4,1.0,1
2024,131950874,0.709316615928485,Female,20.0,Secondary,4,1,Urban,1,0,1,1,1,0,,1,4,1.0,1
2024,131982985,0.244830005845396,Female,37.0,Secondary,5,1,Rural,1,1,1,1,1,1,,1,4,1.0,1
2024,132009240,0.622445781331809,Female,47.0,Tertiary+,5,1,Rural,1,1,1,1,1,1,,1,4,1.0,1
2024,132134318,2.27417526981392,Male,61.0,Primary or less,5,0,Urban,0,0,0,0,1,1,,0,4,2.0,0
2024,132248509,1.86839909756009,Female,62.0,Primary or less,4,0,Rural,1,0,1,1,1,1,,0,4,1.0,1
2024,132621236,2.20726063536617,Female,24.0,Secondary,5,0,Urban,0,0,0,0,0,0,,1,4,3.0,0
2024,132666304,0.309498394917315,Male,33.0,Secondary,4,0,Rural,0,0,0,0,0,1,,1,4,1.0,0
2024,132676866,1.40908435450706,Female,25.0,Secondary,2,0,Urban,1,0,1,1,1,1,,0,4,1.0,1
2024,132785229,1.40128334932734,Male,24.0,Secondary,3,1,Rural,1,0,1,1,1,1,,0,4,1.0,1
2024,132786137,0.991393361742532,Female,63.0,Primary or less,2,0,Urban,0,0,0,0,0,0,,1,4,1.0,0
2024,132852025,1.90842288097802,Male,15.0,Secondary,5,0,Urban,1,0,1,1,0,1,,1,4,1.0,1
2024,132997450,1.23798667498461,Female,29.0,Secondary,2,0,Urban,1,0,1,1,0,0,,0,4,3.0,1
2024,133188633,1.65864546684152,Female,37.0,Secondary,4,1,Urban,1,0,1,1,0,1,,0,4,1.0,1
2024,133190642,0.764844751515735,Male,36.0,Secondary,3,1,Urban,1,0,1,1,1,0,,1,4,1.0,1
2024,133467707,0.367457160045984,Male,24.0,Secondary,4,0,Urban,1,0,1,1,1,0,,0,4,1.0,1
2024,133704793,0.321973846752587,Male,36.0,Tertiary+,2,0,Rural,1,1,0,1,1,1,,1,4,1.0,1
2024,133904705,1.62839607765211,Female,32.0,Secondary,3,1,Urban,1,1,1,1,1,1,,1,4,1.0,1
2024,133994323,2.26124908412538,Male,38.0,Primary or less,2,1,Rural,0,0,0,0,1,1,,0,4,3.0,0
2024,133994692,0.244830005845396,Female,65.0,Secondary,5,1,Urban,1,0,1,1,1,0,,1,4,1.0,1
2024,134090481,0.859933293326642,Male,24.0,Secondary,5,1,Urban,0,0,0,0,1,1,,0,4,3.0,0
2024,134345690,2.27417526981392,Male,30.0,Primary or less,1,1,Rural,0,0,0,0,0,1,,0,4,2.0,0
2024,134402746,2.05381752089427,Male,45.0,Primary or less,1,0,Urban,0,0,0,0,0,1,,0,4,2.0,0
2024,134476796,2.05907013653997,Male,35.0,,2,1,Urban,0,0,0,0,1,1,,1,4,2.0,0
2024,134615614,0.463060802337269,Female,42.0,Secondary,5,1,Rural,0,0,0,0,0,1,,0,4,3.0,0
2024,134658030,0.412191528699239,Male,31.0,Secondary,4,0,Rural,0,0,0,0,1,1,,1,4,1.0,0
2024,134778399,0.596670459529599,Male,28.0,Secondary,1,0,Rural,1,0,1,1,0,0,,0,4,3.0,1
2024,135022812,0.964621886021549,Male,25.0,Secondary,3,1,Urban,0,0,0,0,1,0,,1,4,1.0,0
2024,135079320,1.21199516266475,Female,20.0,Secondary,2,1,Rural,1,1,1,1,1,1,,1,4,1.0,1
2024,135175509,0.964749680582066,Female,23.0,Primary or less,5,1,Rural,0,0,0,0,1,1,,1,4,2.0,0
2024,135304958,0.244830005845396,Female,33.0,Secondary,5,1,Rural,1,1,1,1,1,1,,1,4,1.0,1
2024,135678338,1.10485140337906,Female,57.0,Primary or less,3,1,Rural,1,1,1,1,1,1,,1,4,1.0,1
2024,135729860,1.17541648506786,Female,44.0,Secondary,3,1,Rural,1,0,1,1,1,1,,1,4,1.0,1
2024,135822093,1.07834791550283,Male,18.0,Primary or less,1,1,Rural,0,0,0,0,0,1,,0,4,3.0,0
2024,135929704,1.99933134559384,Female,20.0,Secondary,4,1,Urban,1,1,1,1,1,1,,1,1,1.0,1
2024,135953182,0.560788517661614,Male,25.0,Secondary,5,1,Rural,1,0,1,1,1,1,,1,4,1.0,1
2024,135985059,0.244830005845396,Male,24.0,Secondary,5,1,Rural,0,0,0,0,1,0,,0,4,1.0,0
2024,136149555,1.31237262268115,Male,26.0,Secondary,5,1,Rural,1,0,1,1,1,1,,0,4,1.0,1
2024,136261138,1.5815100780288,Female,53.0,Primary or less,2,1,Rural,0,0,0,0,0,0,,0,4,3.0,0
2024,136305148,1.55734410764021,Male,23.0,Primary or less,4,1,Urban,1,0,1,1,1,1,,1,4,3.0,1
2024,136594713,1.14131137798828,Female,36.0,Secondary,4,1,Rural,1,0,1,1,1,1,,1,4,1.0,1
2024,136689256,0.718898610335217,Male,19.0,Primary or less,4,0,Rural,0,0,0,0,1,1,,0,4,1.0,0
2024,136773184,1.14505372858681,Male,17.0,Secondary,5,0,Urban,1,0,1,1,0,1,,1,4,1.0,1
2024,136894323,0.244830005845396,Male,32.0,Secondary,4,1,Urban,1,0,1,1,1,1,,1,4,1.0,1
2024,136898816,1.71986658665328,Male,20.0,Secondary,5,0,Urban,1,0,1,1,1,1,,1,4,1.0,1
2024,136936973,2.27417526981392,Female,25.0,Primary or less,3,1,Rural,0,0,0,0,0,1,,0,4,1.0,0
2024,136991862,0.392613472369291,Female,28.0,Secondary,5,1,Urban,1,1,1,1,1,1,,1,4,1.0,1
2024,137001113,2.27417526981392,Male,18.0,Primary or less,2,0,Urban,1,0,1,1,1,1,,0,4,3.0,1
2024,137015002,0.949900879106335,Male,28.0,Primary or less,4,0,Urban,0,0,0,0,0,1,,1,4,3.0,0
2024,137132158,0.751719445149378,Male,18.0,Primary or less,5,0,Rural,0,0,0,0,0,1,,0,4,3.0,0
2024,137210008,0.775186489084828,Female,48.0,Secondary,4,1,Rural,1,1,0,0,1,1,,1,1,1.0,1
2024,137268018,1.57682056659846,Male,46.0,Primary or less,2,1,Rural,0,0,0,0,0,0,,0,4,3.0,0
2024,137309608,0.244830005845396,Male,23.0,Tertiary+,5,0,Urban,1,0,1,1,1,1,,1,4,1.0,1
2024,137368654,0.894811909948124,Female,39.0,Primary or less,5,1,Urban,1,0,1,1,1,1,,1,4,1.0,1
2024,137396542,1.17066102955895,Female,23.0,Primary or less,5,1,Rural,1,0,1,1,0,1,,0,4,3.0,1
2024,137434708,1.61596250194545,Male,22.0,Secondary,4,0,Urban,1,0,1,1,1,0,,1,4,3.0,1
2024,137450658,0.955610883646476,Male,29.0,Secondary,1,0,Urban,0,0,0,0,1,0,,1,4,2.0,0
2024,137497377,1.08664395550053,Male,33.0,Secondary,5,1,Urban,1,0,1,1,1,0,,1,4,1.0,1
2024,137568800,0.647959725522693,Male,42.0,Secondary,4,0,Urban,1,0,1,1,0,1,,0,4,1.0,1
2024,137822261,0.244926567412749,Male,23.0,Secondary,5,1,Rural,1,0,1,1,1,1,,1,4,1.0,1
2024,137984798,2.27417526981392,Female,70.0,Primary or less,3,0,Rural,0,0,0,0,0,1,,0,4,1.0,0
2024,138029366,0.430797775882264,Male,39.0,Secondary,5,1,Urban,1,0,1,1,1,1,,1,4,1.0,1
2024,138097887,0.475674345086041,Male,27.0,Secondary,3,1,Rural,0,0,0,0,1,0,,0,4,1.0,0
2024,138153926,1.05800547855245,Female,28.0,Secondary,5,1,Urban,1,1,1,1,1,1,,1,4,1.0,1
2024,138195030,0.244830005845396,Male,23.0,Secondary,5,0,Rural,0,0,0,0,1,1,,1,4,1.0,0
2024,138195875,2.27417526981392,Male,70.0,Primary or less,3,1,Rural,1,1,1,1,1,1,,0,4,1.0,1
2024,138315852,1.71986658665328,Male,18.0,Secondary,1,0,Urban,0,0,0,0,1,0,,1,4,2.0,0
2024,138349843,0.331136425481892,Female,48.0,Primary or less,1,1,Rural,1,0,1,1,0,1,,0,4,3.0,1
2024,138378177,0.656186311340577,Male,31.0,Secondary,3,0,Urban,0,0,0,0,1,1,,0,4,3.0,0
2024,138439884,0.976003716411399,Male,27.0,Primary or less,4,1,Urban,1,0,1,1,1,1,,1,4,1.0,1
2024,138452217,0.510116600407477,Female,25.0,Secondary,1,0,Rural,1,0,1,1,0,1,,1,4,3.0,1
2024,138487950,0.763369152391208,Male,23.0,Secondary,5,1,Urban,1,0,1,1,1,0,,1,4,1.0,1
2024,138758563,1.56035446716891,Male,41.0,Primary or less,4,1,Urban,1,0,1,1,1,1,,0,4,1.0,1
2024,138831161,0.560788517661614,Male,25.0,Secondary,5,1,Urban,1,1,1,1,1,1,,1,4,1.0,1
2024,138975494,2.13681982132973,Female,52.0,Secondary,2,1,Urban,1,1,1,1,1,0,,1,4,1.0,1
2024,138988671,0.29796008021784,Female,33.0,Secondary,5,1,Urban,1,1,1,1,1,1,,1,4,1.0,1
2024,139051236,1.08112212570862,Female,42.0,Secondary,4,1,Rural,1,0,1,1,1,1,,0,4,1.0,1
2024,139101093,0.244830005845396,Female,39.0,Secondary,5,1,Urban,1,1,1,1,1,1,,1,4,1.0,1
2024,139156211,0.707386605606918,Female,19.0,Secondary,5,0,Urban,1,0,1,1,0,0,,1,4,1.0,1
2024,139171583,0.754672519239449,Male,21.0,Secondary,2,1,Rural,0,0,0,0,1,1,,1,4,1.0,0
2024,139224863,0.653649957384063,Male,38.0,Secondary,5,1,Urban,1,0,1,1,1,1,,1,4,1.0,1
2024,139427579,0.264501369638112,Female,33.0,Tertiary+,3,1,Urban,1,1,1,1,1,1,,1,4,1.0,1
2024,139543638,0.244830005845396,Female,24.0,Secondary,5,1,Urban,1,0,1,1,1,1,,1,4,1.0,1
2024,139661409,0.489553197096817,Female,33.0,Secondary,5,1,Rural,0,0,0,0,1,1,,1,4,1.0,0
2024,140406865,1.85698001247692,Female,32.0,Secondary,4,1,Urban,1,1,1,1,1,0,,1,4,1.0,1
2024,140600177,0.244830005845396,Male,30.0,Secondary,5,1,Rural,1,0,1,1,1,1,,0,4,3.0,1
2024,140749265,0.949900879106335,Male,25.0,Primary or less,1,0,Rural,0,0,0,0,0,1,,0,4,3.0,0
2024,140833698,1.83904693385844,Female,18.0,Primary or less,4,1,Rural,1,0,1,1,1,1,,1,4,1.0,1
2024,140866224,0.560788517661614,Male,33.0,Secondary,5,0,Urban,1,1,1,1,1,0,,1,4,1.0,1
2024,140866374,1.04658721346101,Female,24.0,Secondary,2,1,Urban,1,0,1,1,1,1,,1,4,1.0,1
2024,140901845,0.970064445383833,Male,18.0,Secondary,4,0,Rural,0,0,0,0,0,0,,0,4,2.0,0
2024,141036271,1.44659188973618,Female,60.0,Primary or less,5,0,Rural,0,0,0,0,0,1,,0,4,3.0,0
2024,141152952,1.2449716045886,Female,18.0,Secondary,2,1,Rural,1,0,1,1,1,0,,1,4,1.0,1
2024,141153244,0.529002739276223,Female,28.0,,4,1,Urban,0,0,0,0,1,0,,1,4,3.0,0
2024,141576104,2.27417526981392,Female,58.0,Primary or less,1,1,Rural,0,0,0,0,1,1,,0,4,1.0,0
2024,141815868,1.31900966093125,Male,30.0,Primary or less,2,0,Urban,1,0,1,1,0,0,,0,4,3.0,1
2024,142427456,0.908996371998562,Female,16.0,Secondary,2,1,Rural,1,0,1,1,1,1,,1,4,1.0,1
2024,142446629,0.471591070404612,Female,23.0,Secondary,5,1,Urban,1,0,1,1,1,0,,1,4,1.0,1
2024,142537585,1.36264086226354,Male,30.0,Primary or less,1,1,Rural,0,0,0,0,1,0,,0,4,,0
2024,142579001,0.544943423904751,Female,31.0,Secondary,4,1,Urban,1,0,1,1,1,0,,0,4,1.0,1
2024,142584298,0.579095340168869,Female,16.0,Secondary,1,0,Rural,0,0,0,0,0,1,,1,4,,0
2024,142619437,2.27417526981392,Female,42.0,Primary or less,1,1,Rural,0,0,0,0,0,1,,0,4,3.0,0
2024,142704858,0.626411910244163,Male,53.0,Secondary,4,1,Rural,1,0,1,1,1,1,,0,4,1.0,1
2024,142726018,0.92612160467454,Female,41.0,Secondary,5,1,Rural,1,0,1,1,0,1,,1,4,1.0,1
2024,142770258,0.475674345086041,Male,33.0,Secondary,3,0,Rural,1,0,1,1,1,1,,1,4,1.0,1
2024,142845484,2.27251796710805,Female,28.0,Secondary,5,1,Rural,1,0,1,1,1,1,,0,4,3.0,1
2024,142934603,0.311222890665905,Female,47.0,Tertiary+,5,1,Rural,1,1,1,1,1,1,,1,4,1.0,1
2024,143027317,0.309498394917315,Male,33.0,Secondary,4,1,Rural,1,0,1,1,1,1,,1,4,1.0,1
2024,143141434,0.886645769910606,Female,21.0,Secondary,5,1,Urban,1,0,1,1,1,0,,1,2,1.0,1
2024,143355546,0.431655563620377,Female,53.0,Secondary,5,1,Rural,1,1,1,1,1,0,,1,4,1.0,1
2024,143406590,1.43726802255565,Male,99.0,Primary or less,3,1,Rural,0,0,0,0,0,0,,0,4,3.0,0
2024,143420977,0.464247592375972,Male,32.0,Secondary,5,1,Rural,1,1,1,1,1,1,,1,4,1.0,1
2024,143458602,0.824383057398477,Male,26.0,Secondary,5,1,Urban,1,0,1,1,1,1,,1,4,1.0,1
2024,143542692,0.676590539936701,Male,25.0,Primary or less,3,1,Urban,0,0,0,0,1,0,,0,4,2.0,0
2024,143825265,0.753172525289803,Male,35.0,Primary or less,1,1,Rural,0,0,0,0,1,1,,0,4,3.0,0
2024,143979837,2.27417526981392,Male,39.0,Primary or less,2,1,Urban,1,1,1,1,1,1,,0,4,2.0,1
2024,144064359,0.763369152391208,Male,19.0,Secondary,5,0,Urban,0,0,0,0,0,0,,0,4,3.0,0
2024,144237442,0.676590539936701,Male,27.0,Secondary,4,1,Urban,1,0,1,1,1,1,,1,4,1.0,1
2024,144238347,0.474950439553168,Male,29.0,Primary or less,1,0,Rural,0,0,0,0,0,1,,0,4,3.0,0
2024,144295558,0.927649174586728,Female,42.0,Primary or less,3,1,Rural,1,1,1,1,1,1,,1,4,3.0,1
2024,144320492,1.4158153566466,Male,15.0,Secondary,5,0,Urban,0,0,0,0,0,0,,0,4,3.0,0
2024,144397457,1.21199516266475,Female,21.0,Primary or less,1,1,Rural,0,0,0,0,0,1,,0,4,3.0,0
2024,144446356,0.474950439553168,Male,33.0,Primary or less,1,0,Rural,0,0,0,0,0,0,,0,4,3.0,0
2024,144487403,0.244830005845396,Male,19.0,Secondary,2,1,Rural,1,0,1,1,1,1,,1,4,3.0,1
2024,144525455,0.472184831744329,Male,23.0,Secondary,4,0,Rural,1,0,1,1,1,1,,0,4,1.0,1
2024,144565190,1.65544547652463,Female,16.0,Secondary,5,1,Urban,1,0,1,1,1,1,,1,4,1.0,1
2024,144767669,0.908427241509024,Male,26.0,Primary or less,2,1,Rural,0,0,0,0,0,1,,0,4,1.0,0
2024,144829574,1.14505372858681,Male,19.0,Secondary,3,1,Urban,0,0,0,0,1,1,,0,4,3.0,0
2024,144880441,0.666443781864613,Female,23.0,Secondary,5,1,Urban,1,1,1,1,1,1,,1,4,1.0,1
2024,144932279,0.580214736432517,Female,35.0,Secondary,3,1,Rural,0,0,0,0,1,1,,0,4,2.0,0
2024,144980852,0.359449305167608,Male,20.0,Primary or less,4,1,Rural,1,1,0,0,0,0,,0,4,2.0,0
2024,144982755,0.434435826767333,Male,18.0,Secondary,1,1,Urban,1,1,1,1,1,1,,0,4,1.0,1
2024,145278680,1.08212511825364,Male,18.0,Primary or less,4,0,Rural,0,0,0,0,1,1,,1,4,2.0,0
2024,145408082,0.244830005845396,Female,20.0,Secondary,5,1,Urban,1,0,1,1,1,0,,1,4,1.0,1
2024,145534814,0.621402060150269,Female,21.0,Secondary,5,1,Urban,1,1,1,1,1,0,,1,4,1.0,1
2024,145611573,0.257692416856879,Female,45.0,Secondary,3,0,Urban,1,1,1,1,1,1,,1,4,1.0,1
2024,145982488,1.95524796401431,Female,24.0,Primary or less,3,1,Rural,1,0,1,1,0,1,,0,4,2.0,1
2024,146037142,0.863311127240753,Female,53.0,Secondary,5,1,Rural,1,0,1,1,1,1,,1,4,1.0,1
2024,146363094,0.751719445149378,Male,22.0,Primary or less,2,1,Rural,0,0,0,0,0,0,,0,4,3.0,0
2024,146616943,0.380121520144588,Male,28.0,Primary or less,1,0,Rural,0,0,0,0,0,1,,0,4,3.0,0
2024,146750970,0.687166968308186,Female,23.0,Secondary,4,1,Urban,1,1,1,1,1,1,,1,4,1.0,1
2024,146887334,0.483307274998144,Female,36.0,Primary or less,3,1,Rural,0,0,0,0,0,1,,0,4,3.0,0
2024,146915165,1.71986658665328,Male,16.0,Secondary,3,1,Urban,0,0,0,0,1,1,,0,4,3.0,0
2024,146918415,0.300815321364116,Male,19.0,Secondary,5,0,Rural,1,0,1,1,1,0,,0,4,1.0,1
2024,147019152,0.362148303202542,Male,25.0,Secondary,5,1,Rural,1,0,1,1,0,1,,1,4,1.0,1
2024,147130013,0.964394593157452,Female,75.0,Primary or less,4,1,Rural,1,1,0,0,1,1,,0,4,2.0,0
2024,147157025,0.305918921299408,Male,25.0,Secondary,5,0,Urban,1,0,1,1,1,1,,1,4,1.0,1
2024,147241260,0.244830005845396,Male,22.0,Secondary,2,1,Rural,1,0,1,1,1,1,,1,4,1.0,1
2024,147368722,0.913764659081305,Male,66.0,Secondary,2,1,Rural,1,0,1,1,1,1,,0,4,1.0,1
2024,147422381,1.81685448301805,Male,32.0,Primary or less,1,1,Rural,0,0,0,0,0,1,,0,4,3.0,0
2024,147485533,0.718898610335217,Male,15.0,Primary or less,1,1,Rural,1,1,0,1,1,0,,1,3,3.0,0
2024,147593148,1.28989993998996,Male,22.0,Secondary,2,1,Urban,1,0,1,1,0,0,,0,4,3.0,1
2024,147603967,0.472184831744329,Male,23.0,Primary or less,5,1,Rural,1,0,1,1,1,1,,0,4,1.0,1
2024,147621694,0.471591070404612,Female,23.0,Secondary,5,1,Urban,1,0,1,1,1,1,,1,4,1.0,1
2024,147788896,1.12319363365645,Male,40.0,Secondary,3,1,Rural,1,0,1,1,1,1,,1,4,1.0,1
2024,147790391,0.920159630656519,Male,30.0,Primary or less,3,0,Urban,1,1,1,1,1,0,,1,4,2.0,1
2024,147961695,0.707907678323299,Male,24.0,Secondary,1,1,Urban,1,0,1,1,0,1,,0,4,1.0,1
2024,148059837,2.27417526981392,Female,49.0,Primary or less,4,1,Rural,1,0,1,1,0,0,,0,4,1.0,1
2024,148082347,0.753172525289803,Male,35.0,Primary or less,1,1,Rural,0,0,0,0,0,0,,0,4,3.0,0
2024,148109239,0.349199637272066,Male,32.0,Secondary,4,1,Urban,1,1,1,1,1,0,,1,4,1.0,1
2024,148114370,1.77319017485589,Male,35.0,Secondary,5,1,Urban,1,1,1,1,1,0,,1,1,1.0,1
2024,148156925,0.531720419669831,Female,19.0,Secondary,3,1,Urban,1,1,1,1,1,1,,1,4,1.0,1
2024,148273471,1.88293131322451,Male,40.0,Primary or less,1,1,Rural,1,1,0,0,1,1,,0,4,3.0,1
2024,148539543,0.482310943010774,Male,32.0,Primary or less,2,1,Urban,0,0,0,0,0,0,,0,4,2.0,0
2024,148582267,2.27417526981392,Female,61.0,Secondary,5,1,Rural,1,0,1,1,1,1,,1,4,1.0,1
2024,148729010,0.464332646459925,Male,33.0,Tertiary+,5,1,Urban,1,1,1,1,1,1,,1,4,1.0,1
2024,148849516,1.44283349100485,Male,18.0,Primary or less,1,1,Rural,0,0,0,0,0,1,,0,4,3.0,0
2024,148903216,0.34902434918208,Male,30.0,Secondary,3,0,Urban,1,1,1,1,1,1,,1,4,1.0,1
2024,149020890,0.4878443912928,Female,26.0,Secondary,5,1,Rural,1,1,0,0,0,1,,1,4,1.0,1
2024,149034136,0.305289356662117,Male,38.0,Primary or less,2,1,Urban,0,0,0,0,1,1,,0,4,3.0,0
2024,149098831,2.27417526981392,Male,30.0,Primary or less,5,1,Urban,0,0,0,0,0,0,,0,4,3.0,0
2024,149253604,0.359855360120838,Female,26.0,Tertiary+,5,1,Urban,1,1,1,1,1,1,,1,4,1.0,1
2024,149270552,2.27417526981392,Male,42.0,Primary or less,2,1,Rural,1,0,1,1,1,1,,0,4,3.0,1
2024,149395330,1.84866971492069,Female,20.0,Secondary,4,1,Rural,1,0,1,1,1,1,,1,4,2.0,1
2024,149487287,2.27417526981392,Female,52.0,Primary or less,1,1,Rural,0,0,0,0,0,1,,0,4,2.0,0
2024,149541345,0.307760176765478,Male,23.0,Secondary,5,1,Urban,1,0,1,1,1,0,,1,4,1.0,1
2024,149755379,2.27417526981392,Male,17.0,Primary or less,2,1,Urban,1,0,1,1,1,1,,1,4,3.0,1
2024,149977358,0.964621886021549,Male,34.0,Secondary,4,1,Urban,1,1,1,1,1,1,,1,4,1.0,1
2024,149991981,0.244830005845396,Female,20.0,Secondary,5,1,Urban,1,1,1,1,1,1,,1,4,1.0,1
2024,150046209,1.25322309092598,Female,30.0,Primary or less,5,1,Rural,1,0,1,1,1,1,,0,4,1.0,1
2024,150155094,1.00922258378305,Female,23.0,Secondary,3,1,Urban,1,0,1,1,1,1,,0,2,1.0,1
2024,150157849,0.353382788784095,Male,50.0,Primary or less,5,1,Rural,1,0,1,1,1,1,,0,4,1.0,1
2024,150206893,0.434435826767333,Male,22.0,Secondary,3,1,Urban,1,1,1,1,1,1,,1,2,1.0,1
2024,150248385,1.03822940509347,Male,20.0,Primary or less,2,0,Rural,0,0,0,0,0,1,,0,4,3.0,0
2024,150290834,1.02953506826998,Male,43.0,Primary or less,4,1,Urban,1,0,1,1,0,1,,1,4,1.0,1
2024,150380019,0.41579271512914,Female,39.0,Primary or less,5,1,Rural,0,0,0,0,1,1,,1,4,2.0,0
2024,150506741,1.36930993914213,Male,60.0,Primary or less,2,1,Rural,0,0,0,0,1,1,,0,4,1.0,0
2024,150615067,1.08664395550053,Male,25.0,Secondary,2,1,Urban,1,0,1,1,1,1,,1,4,2.0,1
2024,150639508,0.423392779487973,Female,47.0,Secondary,4,1,Rural,1,1,0,0,1,1,,0,4,1.0,1
2024,150642470,0.993675467520594,Female,36.0,,4,1,Rural,1,1,1,1,1,1,,1,4,1.0,1
2024,150753090,0.943182140809224,Female,19.0,Secondary,5,1,Urban,1,0,1,1,1,1,,1,4,1.0,1
2024,150926382,1.16586699563655,Female,25.0,Primary or less,2,1,Rural,0,0,0,0,0,1,,0,4,3.0,0
2024,151012106,1.51613853034724,Male,28.0,Primary or less,4,0,Urban,0,0,0,0,1,1,,1,4,3.0,0
2024,151012586,0.868871653534667,Male,16.0,Secondary,1,0,Urban,0,0,0,0,0,0,,0,4,3.0,0
2024,151066097,1.16586699563655,Female,33.0,Primary or less,2,1,Rural,0,0,0,0,0,1,,0,4,1.0,0
2024,151162461,1.0568132658803,Female,27.0,Secondary,2,1,Urban,1,1,0,0,0,0,,0,4,1.0,1
2024,151419867,0.58232936617094,Female,20.0,Secondary,3,1,Urban,1,1,1,1,1,1,,1,4,1.0,1
2024,151498587,0.418634885384403,Female,21.0,Secondary,5,0,Urban,1,1,1,1,1,0,,1,4,1.0,1
2024,151599018,1.10576364456101,Female,35.0,Secondary,4,1,Urban,1,1,1,1,1,1,,1,4,3.0,1
2024,151751409,0.718898610335217,Male,15.0,Primary or less,1,1,Rural,0,0,0,0,0,0,,0,4,3.0,0
2024,151907393,1.79973117175309,Male,20.0,Primary or less,2,1,Urban,0,0,0,0,1,1,,0,4,1.0,0
2024,152086429,0.794414670430155,Female,28.0,Tertiary+,5,1,Rural,1,1,1,1,1,1,,1,4,1.0,1
2024,152127338,0.493581290982721,Male,27.0,Secondary,4,0,Rural,1,0,1,1,0,1,,0,4,1.0,1
2024,152161753,2.27417526981392,Male,33.0,Primary or less,4,1,Rural,1,0,1,1,1,1,,0,4,1.0,1
2024,152275848,1.88293131322451,Male,42.0,Primary or less,2,1,Urban,1,0,1,1,1,0,,0,4,1.0,1
2024,152369789,0.627952328076605,Female,20.0,Secondary,5,1,Urban,1,0,1,1,0,1,,1,4,1.0,1
2024,152375708,0.557550862641187,Female,18.0,Primary or less,4,1,Urban,1,0,1,1,1,1,,1,4,1.0,1
2024,152399468,0.584411241877566,Female,28.0,Secondary,2,0,Rural,1,0,1,1,1,1,,1,4,1.0,1
2024,152493984,1.28989993998996,Male,17.0,Secondary,5,0,Urban,0,0,0,0,1,0,,1,4,1.0,0
2024,152496495,0.786372108727624,Male,18.0,Primary or less,2,0,Rural,0,0,0,0,1,1,,0,4,3.0,0
2024,152539232,0.523799455908099,Male,34.0,Secondary,4,1,Rural,1,1,1,1,1,1,,1,4,1.0,1
2024,152548883,0.646709630255889,Male,20.0,Primary or less,3,1,Rural,1,0,1,1,0,1,,1,4,1.0,1
2024,152668464,1.39147376188009,Female,35.0,Primary or less,1,1,Rural,1,0,1,1,1,1,,0,4,1.0,1
2024,152736788,1.82864080931222,Female,30.0,Primary or less,1,0,Rural,1,1,0,0,0,0,,0,4,2.0,1
2024,152828021,0.244830005845396,Female,44.0,Secondary,5,1,Rural,1,1,1,1,1,1,,0,4,1.0,1
2024,153273706,1.08664395550053,Male,33.0,Secondary,5,0,Urban,0,0,0,0,1,1,,1,4,2.0,0
2024,153509036,0.831585430258279,Female,37.0,Secondary,3,1,Rural,1,1,1,1,1,1,,0,4,1.0,1
2024,153514700,0.244830005845396,Male,23.0,Secondary,5,0,Urban,1,0,1,1,1,1,,1,4,3.0,1
2024,153755639,0.859933293326642,Male,19.0,Secondary,5,0,Urban,0,0,0,0,1,1,,1,4,3.0,0
2024,153788716,0.855983533491211,Female,40.0,Secondary,4,0,Urban,1,1,1,1,1,1,,1,4,1.0,1
2024,153808421,1.08243148376079,Male,38.0,Secondary,4,0,Urban,1,0,1,1,0,1,,1,4,2.0,1
2024,154009742,2.27417526981392,Male,27.0,Secondary,3,1,Rural,1,0,1,1,1,0,,1,4,3.0,1
2024,154049846,0.821527008357708,Male,50.0,Primary or less,1,0,Rural,0,0,0,0,0,1,,0,4,3.0,0
2024,154479024,0.627952328076605,Female,22.0,Secondary,5,1,Urban,1,1,1,1,1,1,,1,4,1.0,1
2024,154589722,0.244830005845396,Male,55.0,Secondary,5,1,Urban,1,1,1,1,1,1,,1,4,1.0,1
2024,154781933,0.708753989987942,Female,44.0,Tertiary+,3,1,Urban,1,1,1,1,1,1,,1,4,1.0,1
2024,154809960,0.244830005845396,Male,27.0,Secondary,5,1,Rural,1,0,1,1,1,1,,1,4,1.0,1
2024,154859273,1.10363031768309,Female,21.0,Secondary,3,1,Urban,1,0,1,1,1,1,,1,4,3.0,1
2024,155055442,1.62996593325079,Male,30.0,Secondary,4,1,Urban,1,0,1,1,1,1,,1,4,1.0,1
2024,155089991,0.286591925045191,Male,23.0,Secondary,3,1,Rural,0,0,0,0,0,1,,0,4,2.0,0
2024,155155589,2.22148303557779,Female,25.0,Primary or less,4,1,Rural,1,1,0,0,1,1,,0,4,1.0,1
2024,155414349,0.979700805516975,Female,18.0,Secondary,2,1,Urban,1,1,1,1,1,1,,1,4,2.0,1
2024,155504069,0.943182140809224,Female,17.0,Secondary,2,1,Urban,1,1,1,1,1,1,,1,4,3.0,1
2024,155922179,0.471823265236574,Male,18.0,Secondary,1,0,Rural,0,0,0,0,0,0,,0,4,2.0,0
2024,156060628,0.429808392400784,Male,61.0,Secondary,5,1,Urban,0,0,0,0,0,0,,1,4,1.0,0
2024,156135036,1.87929861287345,Male,17.0,Primary or less,1,0,Rural,0,0,0,0,0,1,,0,4,1.0,0
2024,156333947,0.244830005845396,Female,42.0,Secondary,3,1,Rural,1,1,1,1,1,1,,1,4,1.0,1
2024,156464430,0.305918921299408,Male,26.0,Secondary,5,1,Urban,1,0,1,1,1,1,,1,4,1.0,1
2024,156482637,0.584012093445136,Female,30.0,Secondary,5,1,Urban,1,1,0,0,1,1,,1,4,1.0,1
2024,156594028,0.359317005638911,Male,60.0,Primary or less,3,1,Rural,0,0,0,0,0,1,,0,4,3.0,0
2024,156689615,2.23271391969735,Female,24.0,Primary or less,4,1,Urban,1,1,0,1,1,1,,1,4,2.0,0
2024,156720108,0.244830005845396,Female,27.0,Secondary,5,1,Rural,1,0,1,1,1,0,,1,4,1.0,1
2024,156816671,1.3945886537061,Female,30.0,Secondary,5,1,Urban,0,0,0,0,1,0,,1,4,1.0,0
2024,156831299,2.27417526981392,Female,20.0,Primary or less,4,0,Rural,0,0,0,0,0,0,,0,4,2.0,0
2024,156915470,1.00922258378305,Female,16.0,Secondary,1,0,Rural,0,0,0,0,0,1,,0,4,2.0,0
2024,157084142,1.71986658665328,Male,21.0,Secondary,5,1,Urban,1,0,1,1,0,0,,0,4,3.0,1
2024,157136009,0.244830005845396,Male,24.0,Secondary,5,1,Urban,1,1,1,1,1,1,,1,4,1.0,1
2024,157157241,1.80354186375607,Male,24.0,Primary or less,1,1,Rural,0,0,0,0,1,1,,0,4,3.0,0
2024,157338178,0.964394593157452,Female,70.0,Primary or less,5,0,Rural,0,0,0,0,0,1,,0,4,3.0,0
2024,157401131,0.244830005845396,Male,36.0,Secondary,2,1,Urban,1,0,1,1,1,1,,0,4,1.0,1
2024,157432737,0.841869340054384,Female,30.0,Primary or less,5,1,Urban,0,0,0,0,1,1,,0,4,2.0,0
2024,157593596,1.78617113575788,Female,18.0,Primary or less,3,1,Urban,0,0,0,0,1,1,,1,4,1.0,0
2024,157637632,0.244830005845396,Female,42.0,Secondary,4,1,Rural,1,1,1,1,1,0,,1,4,1.0,1
2024,157765223,1.05800547855245,Female,28.0,Secondary,4,1,Urban,1,1,1,1,1,1,,1,4,1.0,1
2024,157840387,1.68428670657135,Female,25.0,Primary or less,4,1,Rural,1,0,1,1,1,1,,0,4,1.0,1
2024,157849555,2.27417526981392,Female,31.0,Primary or less,1,1,Rural,1,1,0,0,1,0,,0,4,3.0,1
2024,157948362,1.51613853034724,Male,25.0,Primary or less,2,1,Urban,1,0,1,1,1,1,,1,4,2.0,1
2024,158080896,0.244830005845396,Male,24.0,Secondary,5,1,Urban,1,1,1,1,1,0,,1,4,1.0,1
2024,158084524,0.412991160831824,Female,20.0,Secondary,3,0,Urban,1,1,1,1,0,1,,1,4,1.0,1
2024,158267907,0.785658304400844,Male,49.0,Primary or less,1,1,Rural,0,0,0,0,0,0,,0,4,3.0,0
2024,158439068,0.764844751515735,Male,40.0,Secondary,5,0,Urban,1,1,1,1,1,1,,1,4,1.0,1
2024,158444177,0.776439154894586,Female,24.0,Secondary,5,1,Urban,1,0,1,1,1,1,,1,4,3.0,1
2024,158585151,0.859775775135573,Male,18.0,Secondary,3,0,Rural,0,0,0,0,0,1,,0,4,3.0,0
2024,158619808,0.652388884070882,Male,20.0,Secondary,4,1,Urban,1,0,1,1,1,0,,1,4,1.0,1
2024,158653339,0.751719445149378,Male,20.0,Primary or less,3,0,Rural,0,0,0,0,1,1,,0,4,2.0,0
2024,158801352,0.404469367880372,Female,40.0,Secondary,2,1,Rural,1,0,1,1,1,1,,1,4,1.0,1
2024,158954189,0.914101104704081,Male,20.0,Secondary,2,0,Rural,0,0,0,0,0,0,,0,4,3.0,0
2024,158972464,1.14505372858681,Male,15.0,Secondary,2,0,Urban,0,0,0,0,1,1,,1,4,2.0,0
2024,159006860,0.382880633831114,Female,34.0,Secondary,2,1,Rural,1,0,1,1,0,1,,1,4,1.0,1
2024,159138046,0.579095340168869,Female,15.0,Secondary,1,0,Rural,0,0,0,0,0,0,,1,4,3.0,0
2024,159143639,1.00830649400953,Female,50.0,Primary or less,1,1,Rural,0,0,0,0,0,1,,0,4,3.0,0
2024,159232913,0.435954739123801,Female,29.0,Secondary,2,1,Rural,1,0,1,1,1,1,,0,4,1.0,1
2024,159258882,0.605774536821649,Female,56.0,Primary or less,2,1,Rural,0,0,0,0,1,0,,0,4,3.0,0
2024,159271131,1.80702812566077,Male,35.0,Primary or less,3,1,Rural,0,0,0,0,0,0,,0,4,3.0,0
2024,159319516,0.244830005845396,Female,26.0,Secondary,5,1,Urban,1,1,1,1,1,1,,1,4,1.0,1
2024,159431775,1.18046207936082,Male,16.0,Primary or less,1,0,Rural,0,0,0,0,1,1,,0,4,1.0,0
2024,159531224,0.81720653931538,Male,26.0,Secondary,4,1,Rural,1,0,1,1,1,1,,1,4,1.0,1
2024,159566869,0.772127120225159,Female,18.0,Secondary,3,1,Rural,1,0,1,1,1,0,,0,4,1.0,1
2024,159588164,0.276344788546234,Male,20.0,Secondary,3,1,Rural,1,0,1,1,1,1,,1,4,1.0,1
2024,159589086,2.27417526981392,Female,26.0,Primary or less,1,1,Rural,0,0,0,0,1,1,,0,4,3.0,0
2024,159707381,0.908427241509024,Male,30.0,Primary or less,1,0,Rural,0,0,0,0,0,0,,0,4,3.0,0
2024,159804172,0.629097686982099,Male,18.0,Secondary,2,1,Urban,1,0,1,1,0,0,,1,4,2.0,1
2024,160160498,0.244830005845396,Male,34.0,Tertiary+,5,1,Rural,1,1,1,1,1,0,,1,4,1.0,1
2024,160455901,0.829981069725732,Female,18.0,Secondary,4,0,Rural,1,1,1,1,1,1,,0,4,1.0,1
2024,160461056,0.870551189899564,Male,35.0,Secondary,2,0,Urban,1,0,1,1,1,1,,1,4,1.0,1
2024,160508151,1.40908435450706,Female,25.0,Secondary,2,0,Rural,1,0,1,1,1,0,,0,4,3.0,1
2024,160571882,1.80270056944958,Male,40.0,Primary or less,2,1,Rural,1,1,1,1,1,1,,1,4,1.0,1
2024,160610868,0.313785666096367,Female,28.0,Tertiary+,4,0,Rural,1,0,1,1,1,1,,1,4,1.0,1
2024,160639365,2.27417526981392,Female,29.0,Primary or less,1,1,Rural,1,1,0,0,1,1,,0,4,1.0,1
2024,160677259,0.244830005845396,Male,38.0,Secondary,1,1,Rural,1,1,1,1,1,1,,0,4,1.0,1
2024,160701370,0.376586262644902,Male,37.0,Primary or less,1,0,Rural,0,0,0,0,0,0,,0,4,3.0,0
2024,160817289,0.646709630255889,Male,22.0,Primary or less,3,0,Rural,1,1,1,1,1,1,,0,1,1.0,1
2024,160922307,0.410763504178854,Male,46.0,Primary or less,2,0,Rural,0,0,0,0,0,0,,0,4,3.0,0
2024,160943264,0.367457160045984,Male,22.0,Tertiary+,4,0,Urban,1,0,1,1,1,1,,1,4,3.0,1
2024,161012543,0.245400012570069,Male,36.0,Secondary,4,1,Rural,1,0,1,1,1,1,,0,4,1.0,1
2024,161256173,0.859256114614395,Female,65.0,Primary or less,4,0,Rural,1,0,1,1,0,1,,0,4,3.0,1
2024,161284092,0.475674345086041,Male,30.0,Secondary,4,1,Rural,1,1,1,1,1,1,,1,4,1.0,1
2024,161319364,1.36741387729822,Male,28.0,Primary or less,3,1,Rural,0,0,0,0,0,1,,0,4,3.0,0
2024,161456222,0.244830005845396,Male,25.0,Secondary,5,0,Urban,1,0,1,1,0,1,,0,4,3.0,1
2024,161601865,2.27417526981392,Female,53.0,Primary or less,1,1,Rural,0,0,0,0,1,1,,0,4,2.0,0
2024,161631950,0.696498969689888,Male,34.0,Secondary,4,1,Urban,1,1,1,1,1,1,,1,4,1.0,1
2024,161743553,2.27417526981392,Female,35.0,Primary or less,3,1,Rural,1,1,1,1,1,1,,1,4,3.0,1
2024,161841089,0.244830005845396,Male,39.0,Secondary,3,1,Urban,1,1,0,0,0,0,,1,4,3.0,0
2024,161951655,2.27417526981392,Female,53.0,Primary or less,3,1,Rural,1,0,1,1,1,1,,0,4,3.0,1
2024,162151994,1.45583042026827,Male,55.0,Primary or less,2,0,Urban,0,0,0,0,1,0,,0,4,3.0,0
2024,162172134,2.17541369514164,Female,40.0,Primary or less,5,1,Urban,1,1,0,1,0,0,,0,4,3.0,0
2024,162189143,1.71791742077046,Female,16.0,Primary or less,3,1,Rural,0,0,0,0,1,1,,0,4,1.0,0
2024,162222202,0.464332646459925,Male,29.0,Secondary,5,0,Urban,1,1,1,1,1,1,,1,4,1.0,1
2024,162224311,1.23798667498461,Female,27.0,Secondary,5,1,Urban,1,0,1,1,1,1,,0,4,1.0,1
2024,162267840,0.605774536821649,Female,55.0,Primary or less,3,1,Rural,1,1,0,0,0,0,,0,4,3.0,0
2024,162287712,0.334074946679516,Female,66.0,Secondary,3,1,Urban,0,0,0,0,1,1,,0,4,2.0,0
2024,162378673,0.418480801909387,Female,58.0,Tertiary+,5,1,Urban,1,1,1,1,1,1,,1,4,1.0,1
2024,162406077,0.915021866743591,Female,47.0,Secondary,5,1,Urban,1,1,1,1,1,1,,1,4,1.0,1
2024,162517761,0.964621886021549,Male,32.0,Primary or less,4,1,Urban,1,0,1,1,1,1,,0,4,3.0,1
2024,162549399,1.8028780490397,Male,56.0,Primary or less,1,0,Rural,1,0,1,1,1,0,,0,4,2.0,1
2024,162558649,0.349199637272066,Male,33.0,Secondary,5,1,Urban,1,0,1,1,1,1,,1,4,1.0,1
2024,162640274,1.88293131322451,Male,35.0,Primary or less,3,0,Rural,0,0,0,0,0,0,,0,4,3.0,0
2024,162779827,0.965158900281448,Female,24.0,Secondary,1,1,Rural,1,1,1,1,1,1,,1,4,1.0,1
2024,163517970,0.461313864612063,Female,23.0,Primary or less,5,1,Rural,1,1,0,0,1,1,,0,4,3.0,1
2024,163554739,0.609400736469388,Male,15.0,Secondary,1,0,Urban,0,0,0,0,0,0,,0,4,3.0,0
2024,163791755,1.05576266050126,Female,28.0,Secondary,4,1,Rural,1,1,1,1,1,1,,1,4,1.0,1
2024,163792966,0.29796008021784,Female,28.0,Secondary,4,1,Urban,1,1,0,1,1,1,,1,4,1.0,1
2024,163888486,1.12757916772407,Male,24.0,Primary or less,1,0,Rural,1,0,1,1,0,0,,0,4,1.0,1
2024,164177191,0.244830005845396,Male,38.0,Tertiary+,5,0,Urban,1,1,1,1,1,1,,1,4,1.0,1
2024,164318125,0.244830005845396,Male,25.0,Secondary,3,0,Rural,1,0,1,1,0,1,,1,4,3.0,1
2024,164353624,1.12757916772407,Male,24.0,Primary or less,1,1,Rural,0,0,0,0,0,1,,0,4,2.0,0
2024,164502060,1.55650808916703,Female,40.0,Secondary,4,1,Urban,1,0,1,1,1,1,,1,4,1.0,1
2024,164513026,1.84260182736844,Female,38.0,Secondary,2,1,Rural,1,1,0,0,1,1,,0,4,1.0,1
2024,164708727,0.666443781864613,Female,19.0,Secondary,4,1,Urban,1,1,1,1,1,1,,1,4,1.0,1
2024,164717755,0.393555999786387,Male,54.0,Secondary,5,1,Rural,1,1,1,1,0,1,,1,4,1.0,1
2024,164725492,0.949900879106335,Male,29.0,Primary or less,4,0,Rural,0,0,0,0,0,0,,1,4,2.0,0
2024,164738212,1.07067959600548,Female,46.0,Secondary,4,1,Rural,0,0,0,0,1,1,,1,4,3.0,0
2024,164798054,0.627721202864081,Female,70.0,Secondary,5,0,Urban,0,0,0,0,0,0,,1,2,1.0,0
2024,164889852,1.08664395550053,Male,32.0,Secondary,4,0,Urban,1,1,1,1,1,0,,1,4,1.0,1
2024,165321871,0.610578713324233,Male,37.0,Secondary,1,0,Urban,0,0,0,0,0,1,,0,4,3.0,0
2024,165328568,0.276739980184469,Male,35.0,Secondary,3,1,Urban,1,0,1,1,1,1,,1,4,1.0,1
2024,165332991,0.707386605606918,Female,18.0,Secondary,3,0,Urban,1,0,1,1,0,0,,1,4,2.0,1
2024,165354465,0.696086790884204,Female,28.0,Secondary,3,1,Rural,1,1,1,1,1,1,,1,4,1.0,1
2024,165385610,0.248850470929173,Male,17.0,Secondary,3,0,Urban,1,0,1,1,1,0,,1,4,1.0,1
2024,165442463,0.276206071477281,Male,18.0,Secondary,3,1,Urban,1,0,1,1,1,1,,1,4,1.0,1
2024,165490238,0.965158900281448,Female,15.0,Secondary,3,1,Rural,1,1,0,1,1,0,,1,4,1.0,1
2024,165538190,0.244830005845396,Female,35.0,Tertiary+,5,1,Urban,1,1,0,1,1,0,,1,4,1.0,1
2024,165544097,1.03274290193511,Female,42.0,Secondary,4,1,Rural,1,0,1,1,1,1,,1,4,1.0,1
2024,165750132,1.4898004010892,Female,29.0,Secondary,2,1,Urban,1,0,1,1,1,0,,1,4,1.0,1
2024,165754415,2.27417526981392,Female,47.0,Secondary,4,1,Rural,1,1,1,1,1,0,,0,4,1.0,1
2024,165840301,0.652388884070882,Male,21.0,Secondary,3,1,Urban,1,0,1,1,0,0,,1,4,1.0,1
2024,165882733,2.27417526981392,Female,64.0,Primary or less,3,1,Rural,1,1,0,0,1,0,,0,4,2.0,1
2024,165882782,0.721416745502427,Male,20.0,Primary or less,1,1,Rural,0,0,0,0,0,0,,0,4,3.0,0
2024,165919645,2.1086801040384,Female,50.0,Primary or less,2,0,Rural,0,0,0,0,0,0,,0,4,3.0,0
2024,166045917,2.27417526981392,Male,25.0,Secondary,3,1,Rural,1,0,1,1,1,1,,0,4,1.0,1
2024,166075431,0.966614549996287,Female,39.0,Primary or less,1,0,Rural,1,0,1,1,0,1,,0,4,2.0,1
2024,166123851,0.51565463776012,Female,18.0,Secondary,4,1,Rural,1,1,1,1,1,0,,1,4,3.0,1
2024,166201119,0.551185740068977,Male,23.0,Secondary,3,1,Urban,1,1,1,1,1,1,,1,4,1.0,1
2024,166209804,1.91211187878934,Male,42.0,Primary or less,4,1,Urban,0,0,0,0,0,0,,1,4,3.0,0
2024,166247491,0.388164729427344,Female,40.0,Secondary,2,1,Rural,1,0,1,1,0,0,,0,4,1.0,1
2024,166537540,0.928665292919851,Male,30.0,Secondary,5,1,Urban,1,1,1,1,1,1,,1,4,1.0,1
2024,166691441,0.325428649576904,Male,33.0,Secondary,5,0,Rural,1,0,1,1,1,1,,1,4,1.0,1
2024,166698744,1.3945886537061,Female,32.0,Secondary,5,1,Urban,1,0,1,1,1,0,,0,4,3.0,1
2024,166785703,1.80187020951437,Female,36.0,Secondary,2,1,Rural,0,0,0,0,0,1,,0,4,2.0,0
2024,166815329,0.244830005845396,Male,26.0,Secondary,5,1,Rural,1,0,1,1,1,1,,1,4,1.0,1
2024,166879958,1.32129564383442,Female,35.0,Primary or less,3,0,Urban,1,0,1,1,0,0,,1,4,1.0,1
2024,166987155,0.244830005845396,Male,27.0,Secondary,4,1,Rural,0,0,0,0,1,1,,1,4,1.0,0
2024,166993498,1.05800547855245,Female,25.0,Secondary,3,1,Urban,1,1,1,1,1,1,,1,4,3.0,1
2024,167004327,1.9287891863149,Female,68.0,Primary or less,2,0,Rural,0,0,0,0,0,1,,0,4,1.0,0
2024,167020305,0.615293804052338,Male,65.0,Secondary,5,1,Rural,1,0,1,1,1,1,,1,4,1.0,1
2024,167177760,1.22580980897307,Male,25.0,Secondary,2,1,Rural,1,1,0,0,0,1,,1,4,2.0,1
2024,167218480,0.368100018855104,Male,41.0,Secondary,5,1,Rural,1,1,1,1,0,0,,1,1,1.0,1
2024,167291972,1.61677407563972,Male,18.0,Secondary,4,1,Rural,1,0,1,1,1,1,,1,4,1.0,1
2024,167535086,0.764844751515735,Male,44.0,Secondary,3,1,Urban,1,1,1,1,1,1,,1,1,1.0,1
2024,167577461,0.666443781864613,Female,18.0,Secondary,5,1,Rural,1,0,1,1,1,1,,1,4,1.0,1
2024,167753004,0.557550862641187,Female,15.0,Secondary,3,1,Urban,0,0,0,0,1,1,,1,4,3.0,0
2024,167839903,0.652388884070882,Male,20.0,Secondary,3,1,Urban,1,0,1,1,1,1,,1,4,1.0,1
2024,167892385,1.21909387287481,Female,33.0,Primary or less,1,1,Rural,0,0,0,0,1,1,,0,4,3.0,0
2024,167960515,0.696498969689888,Male,25.0,Secondary,5,0,Urban,1,0,1,1,1,1,,1,4,1.0,1
2024,168004098,0.720228780758029,Male,23.0,Secondary,4,0,Rural,1,0,1,1,0,0,,0,4,1.0,1
2024,168086360,0.939395702763388,Female,49.0,Primary or less,5,1,Rural,1,0,1,1,1,1,,0,4,1.0,1
2024,168258491,1.33857720437377,Male,16.0,Secondary,2,0,Urban,1,0,1,1,1,0,,1,4,1.0,1
2024,168331715,0.540540770802942,Male,23.0,Primary or less,3,1,Rural,1,0,1,1,0,1,,0,4,1.0,1
2024,168427245,1.12757916772407,Male,19.0,Primary or less,1,0,Rural,0,0,0,0,0,1,,0,4,3.0,0
2024,168463224,0.752642878218749,Female,29.0,Secondary,2,1,Urban,1,0,1,1,1,1,,1,4,1.0,1
2024,168702192,0.751719445149378,Male,23.0,Primary or less,1,1,Rural,0,0,0,0,0,1,,0,4,3.0,0
2024,168747368,2.27417526981392,Female,50.0,Primary or less,2,1,Urban,1,0,1,1,1,0,,1,4,1.0,1
2024,168782759,0.708277247616494,Male,17.0,Secondary,5,1,Rural,1,0,1,1,1,1,,0,4,1.0,1
2024,168916943,0.969707401797757,Male,57.0,Secondary,2,1,Urban,1,1,1,1,1,1,,1,4,1.0,1
2024,168936087,1.45918162186209,Male,43.0,Primary or less,3,1,Rural,1,0,1,1,1,1,,0,4,1.0,1
2024,168985931,0.59592016043568,Female,25.0,Secondary,5,1,Urban,1,1,1,1,1,0,,1,4,1.0,1
2024,169036305,1.46955120827546,Female,17.0,Secondary,5,1,Urban,1,0,1,1,1,1,,1,4,3.0,1
2024,169040920,1.57319280390057,Female,28.0,Secondary,3,1,Rural,1,0,1,1,1,1,,1,4,1.0,1
2024,169117330,1.08212511825364,Male,16.0,Primary or less,1,1,Rural,1,0,1,1,1,1,,1,4,1.0,1
2024,169167726,1.63441307863076,Male,30.0,Secondary,3,1,Rural,1,0,1,1,1,1,,0,4,1.0,1
2024,169282532,1.10294288031564,Female,50.0,Secondary,1,1,Rural,1,1,1,1,1,1,,1,4,1.0,1
2024,169304988,2.27417526981392,Female,25.0,Primary or less,5,1,Rural,0,0,0,0,1,1,,1,4,2.0,0
2024,169416768,0.300815321364116,Male,18.0,Secondary,2,1,Rural,1,0,1,1,1,0,,0,4,1.0,1
2024,169480355,0.461973119378771,Female,40.0,Secondary,3,1,Rural,1,0,1,1,0,1,,1,4,1.0,1
2024,169731304,0.518923636297617,Male,80.0,Primary or less,1,0,Rural,0,0,0,0,0,0,,0,4,3.0,0
2024,169732507,0.707126243677759,Female,65.0,Secondary,5,1,Urban,1,1,1,1,1,1,,1,4,3.0,1
2024,169733078,0.529002739276223,Female,31.0,Tertiary+,5,1,Urban,1,0,1,1,1,1,,1,4,1.0,1
2024,169755223,1.28989993998996,Male,16.0,Secondary,4,1,Urban,0,0,0,0,1,1,,0,4,1.0,0
2024,169843419,0.609546936437406,Female,34.0,Primary or less,3,1,Rural,0,0,0,0,0,1,,0,4,1.0,0
2024,170111851,0.457510933371796,Female,45.0,Tertiary+,5,1,Urban,1,1,1,1,1,1,,1,4,1.0,1
2024,170154476,1.62996593325079,Male,26.0,Secondary,3,0,Urban,1,0,1,1,1,1,,1,4,1.0,1
2024,170236524,0.551185740068977,Male,17.0,Secondary,1,0,Urban,1,0,1,1,1,1,,1,4,1.0,1
2024,170509145,0.375721382999573,Male,55.0,Primary or less,1,1,Rural,0,0,0,0,1,1,,0,4,1.0,0
2024,170599690,0.534729171576178,Male,52.0,Tertiary+,5,1,Urban,1,1,1,1,1,1,,1,4,1.0,1
2024,170639974,0.882354304252511,Female,52.0,Primary or less,2,0,Rural,1,1,1,1,1,1,,0,4,2.0,1
2024,170640009,1.08112212570862,Female,36.0,Secondary,2,1,Rural,1,0,1,1,0,1,,0,4,1.0,1
2024,170844505,0.244830005845396,Female,23.0,Secondary,5,0,Rural,1,0,1,1,1,1,,0,4,2.0,1
2024,170951222,0.735618773543378,Female,19.0,Secondary,5,1,Rural,1,0,1,1,1,1,,1,4,1.0,1
2024,171133188,0.52439760130019,Female,30.0,Primary or less,5,1,Rural,1,1,1,1,1,1,,1,4,3.0,1
2024,171155218,2.27417526981392,Male,36.0,,3,1,Urban,1,1,1,1,1,1,,1,4,1.0,1
2024,171193811,0.609546936437406,Female,30.0,Primary or less,3,0,Rural,0,0,0,0,0,1,,0,4,3.0,0
2024,171341731,0.932103090225403,Female,20.0,Secondary,3,0,Urban,1,1,1,1,1,1,,1,4,1.0,1
2024,171349740,0.429966646663321,Male,23.0,Secondary,4,0,Urban,1,0,1,1,1,0,,0,4,1.0,1
2024,171422545,1.81685448301805,Male,25.0,Primary or less,1,1,Rural,0,0,0,0,0,1,,0,4,3.0,0
2024,171470442,0.814198038826054,Female,28.0,Primary or less,4,1,Urban,1,0,1,1,1,1,,1,4,1.0,1
2024,171539877,0.979700805516975,Female,18.0,Secondary,4,1,Urban,0,0,0,0,1,1,,1,4,1.0,0
2024,171992969,0.472184831744329,Male,17.0,Secondary,2,1,Rural,1,0,1,1,1,1,,1,4,1.0,1
2024,172013557,2.27417526981392,Female,18.0,Primary or less,1,0,Rural,0,0,0,0,0,1,,0,4,3.0,0
2024,172027357,0.375721382999573,Male,80.0,Primary or less,1,0,Rural,0,0,0,0,0,1,,0,4,3.0,0
2024,172069391,1.88106682899344,Male,51.0,Primary or less,5,1,Rural,1,1,0,0,1,0,,0,4,1.0,1
2024,172192030,0.837269770768806,Female,17.0,Secondary,4,1,Urban,1,0,1,1,1,1,,1,4,1.0,1
2024,172383975,0.727958345488594,Male,17.0,Secondary,2,0,Urban,0,0,0,0,1,1,,1,4,2.0,0
2024,172404129,1.81685448301805,Male,25.0,Primary or less,1,1,Rural,0,0,0,0,1,1,,0,4,1.0,0
2024,172562540,0.715919824370854,Male,25.0,Secondary,3,0,Urban,1,0,1,1,1,1,,1,4,1.0,1
2024,172741886,0.248319368896367,Female,20.0,Secondary,5,0,Rural,1,0,1,1,0,0,,1,4,3.0,1
2024,172806768,0.367809386771689,Female,23.0,Secondary,4,0,Rural,1,0,1,1,0,1,,1,4,1.0,1
2024,172853754,0.314548843491049,Male,19.0,Secondary,4,1,Rural,1,0,1,1,1,1,,0,4,1.0,1
2024,172976621,0.519283664985784,Male,18.0,Secondary,5,0,Urban,0,0,0,0,1,0,,0,4,2.0,0
2024,173090211,0.510116600407477,Female,30.0,Primary or less,3,1,Rural,1,1,1,1,1,1,,1,4,2.0,1
2024,173103306,1.08644490960762,Male,33.0,Secondary,4,1,Rural,1,0,1,1,1,1,,1,4,1.0,1
2024,173122641,0.489850402758488,Female,19.0,Secondary,5,1,Rural,1,0,1,1,1,1,,1,4,3.0,1
2024,173224323,1.66641752253875,Female,31.0,Primary or less,5,1,Urban,1,0,1,1,1,1,,1,4,1.0,1
2024,173254448,0.712971603704812,Male,27.0,Primary or less,1,1,Rural,0,0,0,0,0,0,,0,4,3.0,0
2024,173541696,1.12844325157056,Male,20.0,Primary or less,1,0,Rural,0,0,0,0,0,0,,0,4,3.0,0
2024,173640379,0.418634885384403,Female,22.0,Secondary,5,0,Urban,0,0,0,0,1,0,,0,4,2.0,0
2024,173689282,0.502051984351893,Male,24.0,Primary or less,3,1,Urban,1,1,0,1,0,1,,1,4,3.0,1
2024,173729865,1.65544547652463,Female,15.0,Secondary,4,0,Urban,0,0,0,0,0,0,,0,4,3.0,0
2024,173787875,1.00922258378305,Female,19.0,Secondary,1,0,Urban,0,0,0,0,0,0,,0,4,3.0,0
2024,173816838,0.471591070404612,Female,19.0,Secondary,4,0,Urban,1,0,1,1,0,0,,1,4,1.0,1
2024,173861177,1.87958002260656,Male,53.0,Secondary,1,1,Urban,1,0,1,1,1,1,,1,4,2.0,1
2024,173940839,1.8243253712551,Male,21.0,Primary or less,4,1,Urban,0,0,0,0,1,1,,0,4,3.0,0
2024,174045967,1.99933134559384,Female,19.0,Secondary,4,0,Urban,0,0,0,0,0,0,,1,4,2.0,0
2024,174085567,0.666970386001886,Male,40.0,Secondary,5,1,Rural,1,1,1,1,1,1,,1,4,2.0,1
2024,174113617,0.490568815643971,Female,31.0,Tertiary+,5,1,Urban,1,1,1,1,1,1,,1,4,1.0,1
2024,174245317,0.464332646459925,Male,33.0,Secondary,5,1,Urban,1,1,1,1,1,1,,1,4,1.0,1
2024,174273769,0.966614549996287,Female,35.0,Primary or less,4,1,Rural,0,0,0,0,0,1,,0,4,3.0,0
2024,174277545,0.417129276143633,Male,46.0,Secondary,5,1,Urban,1,0,1,1,1,1,,1,4,1.0,1
2024,174286718,2.17328791100106,Male,28.0,Secondary,2,0,Urban,1,0,1,1,1,1,,1,4,2.0,1
2024,174364131,0.515290428150743,Female,48.0,Secondary,5,1,Rural,1,0,1,1,1,1,,1,4,3.0,1
2024,174626550,2.15300430397846,Male,24.0,Primary or less,2,0,Rural,0,0,0,0,0,1,,1,4,3.0,0
2024,174687867,0.841182776492419,Male,32.0,Tertiary+,4,0,Urban,1,1,0,1,1,1,,1,4,1.0,1
2024,174890793,2.27417526981392,Male,20.0,Primary or less,1,1,Urban,0,0,0,0,0,0,,0,4,3.0,0
2024,175005452,2.09188298055915,Female,32.0,Secondary,4,1,Urban,1,0,1,1,1,1,,1,4,1.0,1
2024,175136875,0.722811250264307,Male,38.0,Primary or less,1,1,Rural,1,0,1,1,1,1,,0,4,1.0,1
2024,175157740,0.861234051344323,Female,38.0,Primary or less,4,1,Rural,1,0,1,1,1,0,,0,4,1.0,1
2024,175273877,0.816796325334289,Male,27.0,Secondary,4,0,Urban,1,0,1,1,1,0,,0,4,3.0,1
2024,175284728,0.727111046085086,Female,22.0,Secondary,5,1,Urban,1,0,1,1,1,0,,1,4,1.0,1
2024,175412931,1.28989993998996,Male,15.0,Secondary,1,0,Urban,1,1,0,0,1,1,,0,4,2.0,1
2024,175422238,0.29796008021784,Female,29.0,Secondary,5,1,Urban,1,1,1,1,1,1,,1,4,1.0,1
2024,175742609,0.786372108727624,Male,20.0,Secondary,3,0,Rural,1,0,1,1,1,0,,0,4,2.0,1
2024,175755624,0.244830005845396,Female,23.0,Secondary,5,1,Rural,1,0,1,1,0,1,,1,4,1.0,1
2024,175794830,0.865474240896232,Male,27.0,Primary or less,5,0,Rural,0,0,0,0,0,0,,1,4,3.0,0
2024,175873489,1.27529150101869,Female,25.0,Secondary,2,1,Urban,1,0,1,1,1,1,,1,4,3.0,1
2024,175945381,1.03856732997157,Male,17.0,Secondary,5,1,Rural,0,0,0,0,0,1,,1,4,1.0,0
2024,175945810,0.244830005845396,Female,24.0,Secondary,5,1,Rural,1,0,1,1,1,1,,1,4,1.0,1
2024,175946479,0.656186311340577,Male,25.0,Secondary,3,0,Urban,1,1,0,1,1,0,,1,4,1.0,1
2024,175972001,0.303584489929564,Female,40.0,Secondary,5,1,Rural,1,1,1,1,1,1,,1,4,1.0,1
2024,176056209,0.618287293048858,Male,25.0,Tertiary+,5,1,Urban,1,1,1,1,1,0,,1,3,1.0,1
2024,176250515,1.88293131322451,Male,36.0,Primary or less,1,0,Rural,0,0,0,0,1,1,,0,4,1.0,0
2024,176376861,0.943182140809224,Female,24.0,Secondary,5,1,Urban,1,0,1,1,1,1,,0,4,1.0,1
2024,176475303,1.28989993998996,Male,20.0,Secondary,2,1,Urban,1,0,1,1,1,1,,1,4,1.0,1
2024,176539148,0.412191528699239,Male,30.0,Tertiary+,5,1,Urban,1,1,1,1,1,1,,1,4,1.0,1
2024,176599102,0.976493888021689,Male,32.0,Primary or less,2,1,Rural,1,0,1,1,0,1,,0,4,3.0,1
2024,176603640,1.84882235308957,Female,40.0,Primary or less,2,1,Rural,0,0,0,0,0,1,,0,4,1.0,0
2024,176673685,1.93322909999257,Female,42.0,Primary or less,1,1,Rural,1,0,1,1,1,1,,0,4,1.0,1
2024,176687313,0.964621886021549,Male,28.0,Secondary,3,1,Urban,0,0,0,0,1,0,,0,4,1.0,0
2024,176734538,0.918642900114961,Male,24.0,Tertiary+,5,0,Urban,1,0,1,1,1,1,,1,4,1.0,1
2024,176736092,0.949900879106335,Male,25.0,Primary or less,4,0,Rural,0,0,0,0,0,1,,0,4,2.0,0
2024,176773621,0.415109970276704,Male,40.0,Secondary,5,1,Urban,1,1,1,1,1,1,,1,4,1.0,1
2024,176866573,2.17235021695765,Female,17.0,Primary or less,1,0,Rural,0,0,0,0,0,1,,0,4,2.0,0
2024,176875781,0.244830005845396,Female,62.0,Tertiary+,2,1,Rural,1,1,1,1,0,0,,1,1,2.0,1
2024,176907695,2.27417526981392,Male,50.0,Primary or less,5,0,Urban,1,0,1,1,1,0,,0,4,2.0,1
2024,176927308,1.97657971667235,Female,33.0,Secondary,2,1,Rural,1,0,1,1,0,1,,1,4,1.0,1
2024,176968832,1.36264086226354,Male,30.0,Primary or less,1,1,Rural,0,0,0,0,0,1,,0,4,3.0,0
2024,177117932,0.414837792733763,Female,62.0,Primary or less,4,1,Rural,1,0,1,1,1,1,,0,4,1.0,1
2024,177158661,2.27417526981392,Female,17.0,Primary or less,5,1,Urban,1,1,1,1,1,0,,1,4,1.0,1
2024,177300315,0.943182140809224,Female,20.0,Secondary,5,1,Urban,1,0,1,1,0,0,,1,4,1.0,1
2024,177535061,1.1812566499799,Female,35.0,Secondary,3,1,Urban,1,0,1,1,0,1,,1,4,3.0,1
2024,177726380,0.715919824370853,Male,30.0,Secondary,2,0,Urban,1,0,1,1,1,1,,0,4,1.0,1
2024,177885173,0.831585430258279,Female,39.0,Secondary,3,1,Rural,1,0,1,1,1,1,,1,4,1.0,1
2024,178090886,2.27417526981392,Female,25.0,Primary or less,2,1,Rural,0,0,0,0,0,1,,0,4,3.0,0
2024,178269777,1.16802418689027,Female,33.0,Secondary,5,1,Rural,0,0,0,0,0,0,,0,4,3.0,0
2024,178553738,0.753172525289803,Male,35.0,Primary or less,2,1,Rural,0,0,0,0,0,0,,0,4,3.0,0
2024,178642422,0.566554747958344,Male,23.0,Secondary,3,1,Urban,1,0,1,1,1,1,,1,4,1.0,1
2024,178885504,1.03075045246228,Female,18.0,Secondary,2,0,Urban,1,0,1,1,1,1,,1,4,1.0,1
2024,178967410,1.2449716045886,Female,15.0,Secondary,3,0,Rural,0,0,0,0,0,1,,0,4,3.0,0
2024,179174155,0.752038303410288,Male,23.0,Secondary,1,1,Rural,1,0,1,1,1,1,,0,4,1.0,1
2024,179317113,2.27417526981392,Male,42.0,Primary or less,4,1,Rural,0,0,0,0,1,1,,1,4,1.0,0
2024,179421400,1.14864190149334,Female,28.0,Secondary,1,1,Rural,1,0,1,1,0,1,,1,4,1.0,1
2024,179743263,0.29796008021784,Female,25.0,Secondary,5,1,Urban,1,0,1,1,1,0,,0,4,1.0,1
2024,179813479,0.521150640287869,Female,25.0,Secondary,1,1,Rural,1,0,1,1,1,1,,0,4,1.0,1
2024,179999391,0.803146322624259,Male,22.0,Secondary,3,1,Urban,1,1,1,1,1,1,,1,4,1.0,1
2024,180068833,0.264501369638112,Female,29.0,Secondary,5,1,Urban,1,1,1,1,1,1,,1,4,1.0,1
2024,180105092,0.244830005845396,Female,19.0,Secondary,5,0,Urban,1,0,1,1,1,1,,1,4,1.0,1
2024,180168461,2.27417526981392,Male,58.0,Primary or less,3,1,Urban,0,0,0,0,1,1,,0,4,1.0,0
2024,180285070,0.697294326853049,Female,31.0,Secondary,5,1,Urban,1,0,1,1,1,1,,1,4,1.0,1
2024,180305444,1.0486102755288,Female,35.0,Tertiary+,4,1,Urban,1,0,1,1,1,1,,1,4,1.0,1
2024,180325964,1.23229051253656,Male,45.0,Primary or less,1,0,Rural,0,0,0,0,1,1,,0,4,3.0,0
2024,180451709,0.260306521588811,Male,60.0,Secondary,5,1,Rural,1,1,1,1,1,1,,0,4,1.0,1
2024,180683842,0.560788517661614,Male,28.0,Secondary,4,1,Urban,1,0,1,1,1,1,,1,4,1.0,1
2024,180736581,1.17030611168663,Male,45.0,Primary or less,4,1,Rural,0,0,0,0,1,1,,0,4,1.0,0
2024,180891946,0.89388024065352,Female,25.0,Secondary,5,1,Urban,1,1,1,1,1,1,,1,4,1.0,1
2024,180977946,0.868329948760432,Female,29.0,Secondary,4,1,Urban,1,1,1,1,1,0,,0,4,1.0,1
2024,180988011,1.50288553199829,Male,55.0,Primary or less,1,0,Rural,0,0,0,0,0,1,,0,4,3.0,0
2024,181000696,2.27417526981392,Female,19.0,Secondary,3,0,Rural,1,0,1,1,1,1,,1,4,3.0,1
2024,181035710,1.88293131322451,Male,40.0,Primary or less,1,0,Rural,0,0,0,0,0,0,,0,4,3.0,0
2024,181074018,0.244830005845396,Female,19.0,Secondary,5,1,Urban,1,0,1,1,0,0,,1,4,1.0,1
2024,181339486,0.918304782831165,Male,65.0,,1,0,Urban,1,1,1,1,1,0,,1,4,1.0,1
2024,181354959,1.79990923028956,Male,63.0,Secondary,3,1,Urban,1,1,1,1,1,1,,1,1,2.0,1
2024,181486603,2.27417526981392,Male,24.0,Primary or less,4,1,Urban,1,1,1,1,1,1,,0,3,1.0,1
2024,181847654,0.430797775882264,Male,35.0,Secondary,4,1,Urban,1,0,1,1,1,1,,1,4,1.0,1
2024,181963932,2.27417526981392,Male,85.0,Primary or less,3,0,Urban,0,0,0,0,0,0,,0,4,1.0,0
2024,181970261,1.95940161103395,Female,23.0,Secondary,3,1,Urban,1,0,1,1,1,1,,1,4,1.0,1
2024,181991348,0.300815321364116,Male,22.0,Secondary,2,1,Rural,0,0,0,0,1,0,,1,4,1.0,0
2024,182084106,0.403689033513222,Female,20.0,Secondary,5,0,Rural,1,0,1,1,0,0,,1,4,2.0,1
2024,182167825,0.842143353285676,Female,25.0,Secondary,5,1,Urban,0,0,0,0,0,1,,1,4,3.0,0
2024,182174808,1.21909387287481,Female,27.0,Primary or less,3,1,Rural,1,0,1,1,0,1,,0,4,1.0,1
2024,182365684,1.54495965702572,Male,64.0,Primary or less,3,0,Urban,1,1,0,0,1,1,,1,1,2.0,1
2024,182526052,1.22580980897307,Male,32.0,Primary or less,2,0,Rural,1,0,1,1,1,1,,1,4,1.0,1
2024,182715766,0.510116600407477,Female,33.0,Secondary,5,1,Urban,1,0,1,1,1,0,,1,4,1.0,1
2024,182775431,0.515384833713757,Female,50.0,Secondary,3,1,Urban,1,0,1,1,0,1,,0,4,3.0,1
2024,182804290,0.452095199943881,Male,42.0,Secondary,1,0,Rural,1,0,1,1,1,1,,0,4,3.0,1
2024,182818365,0.244830005845396,Male,21.0,Secondary,3,0,Urban,1,0,1,1,1,1,,1,4,1.0,1
2024,182839516,0.786372108727624,Male,20.0,Primary or less,4,1,Rural,1,0,1,1,1,1,,0,4,2.0,1
2024,183034941,0.472502659991961,Female,39.0,Secondary,3,1,Urban,1,1,1,1,1,1,,1,1,1.0,1
2024,183096984,0.646385000778182,Male,16.0,Secondary,2,0,Urban,1,0,1,1,1,1,,1,4,1.0,1
2024,183103111,0.652148764697583,Male,65.0,Tertiary+,5,0,Urban,1,1,0,0,1,0,,1,4,1.0,1
2024,183204418,0.689649127151555,Female,37.0,Secondary,2,1,Urban,1,1,1,1,1,0,,0,4,1.0,1
2024,183305775,2.20726063536617,Female,17.0,Secondary,4,1,Urban,1,0,1,1,1,1,,1,4,1.0,1
2024,183337484,0.386063560112579,Female,18.0,Secondary,1,1,Rural,1,0,1,1,1,1,,0,4,3.0,1
2024,183367842,1.36981411527837,Male,23.0,Primary or less,4,0,Rural,0,0,0,0,0,1,,0,4,2.0,0
2024,183417366,0.472502659991961,Female,40.0,Secondary,5,1,Urban,1,1,1,1,1,1,,1,4,1.0,1
2024,183461275,0.244830005845396,Male,27.0,Secondary,5,0,Urban,1,0,1,1,1,0,,1,4,1.0,1
2024,183504887,1.0804323712803,Male,39.0,Primary or less,3,1,Rural,0,0,0,0,1,0,,1,4,1.0,0
2024,183534897,0.595811002822616,Female,26.0,Secondary,5,1,Rural,1,0,1,1,1,1,,1,4,1.0,1
2024,183724368,2.27417526981392,Male,26.0,Primary or less,3,1,Urban,1,0,1,1,0,1,,1,4,1.0,1
2024,183764055,1.90842288097802,Male,17.0,Secondary,3,0,Urban,0,0,0,0,1,0,,1,4,2.0,0
2024,183972716,0.734914320091968,Male,22.0,Secondary,1,0,Urban,1,0,1,1,1,1,,1,4,1.0,1
2024,183988228,0.949900879106335,Male,29.0,Primary or less,2,1,Urban,0,0,0,0,1,1,,0,4,2.0,0
2024,184034885,0.724296606405083,Male,26.0,Secondary,4,1,Rural,0,0,0,0,1,1,,1,4,2.0,0
2024,184182704,0.462205588272393,Female,42.0,Primary or less,1,1,Rural,0,0,0,0,0,1,,0,4,3.0,0
2024,184408874,0.404469367880372,Female,40.0,Primary or less,3,1,Rural,0,0,0,0,0,1,,0,4,1.0,0
2024,184422562,1.4248513186595,Male,30.0,Primary or less,2,0,Rural,0,0,0,0,0,1,,0,4,3.0,0
2024,184425377,1.52673830478242,Male,20.0,Secondary,2,1,Urban,1,0,1,1,1,1,,1,4,1.0,1
2024,184517511,1.36741387729822,Male,25.0,Primary or less,1,1,Rural,0,0,0,0,0,0,,0,4,3.0,0
2024,184860085,0.489553197096817,Female,28.0,Primary or less,1,1,Rural,0,0,0,0,0,1,,0,4,2.0,0
2024,184928750,0.275859650860622,Female,39.0,Secondary,1,0,Urban,1,0,1,1,1,0,,1,4,1.0,1
2024,185088155,0.534729171576178,Male,52.0,Secondary,5,1,Urban,1,1,1,1,1,1,,1,4,1.0,1
2024,185233893,1.87929861287345,Male,18.0,Primary or less,1,1,Rural,0,0,0,0,1,1,,0,4,2.0,0
2024,185428012,0.483307274998144,Female,37.0,Primary or less,1,1,Rural,0,0,0,0,0,0,,0,4,3.0,0
2024,185497229,1.06889937744209,Male,25.0,Primary or less,3,1,Urban,1,0,1,1,1,1,,0,4,2.0,1
2024,185508498,2.27417526981392,Male,15.0,Primary or less,3,1,Urban,1,0,1,1,1,1,,1,4,2.0,1
2024,185520753,0.764844751515735,Male,38.0,Secondary,3,1,Rural,1,0,1,1,0,1,,0,4,1.0,1
2024,185688019,0.861595551764528,Male,44.0,Secondary,4,0,Urban,0,0,0,0,1,0,,0,4,2.0,0
2024,185831745,0.471823265236574,Male,22.0,Secondary,3,0,Rural,1,0,1,1,1,1,,0,4,1.0,1
2024,185906303,0.735853223465956,Female,30.0,Secondary,3,1,Urban,1,0,1,1,1,1,,0,4,1.0,1
2024,185958178,1.47970668718837,Male,47.0,Primary or less,2,1,Urban,1,0,1,1,1,1,,0,4,1.0,1
2024,186061622,0.244830005845396,Female,39.0,Tertiary+,5,1,Urban,0,0,0,0,0,0,,0,4,3.0,0
2024,186110303,0.314336457839741,Female,19.0,Secondary,5,1,Rural,1,0,1,1,1,1,,1,4,1.0,1
2024,186159500,0.455139125598524,Female,35.0,Secondary,4,1,Urban,1,0,1,1,0,0,,0,4,3.0,1
2024,186171955,1.03818507309612,Male,60.0,Secondary,3,1,Urban,0,0,0,0,1,0,,0,4,1.0,0
2024,186196687,1.55785099495735,Male,16.0,Secondary,3,1,Rural,0,0,0,0,0,1,,0,4,1.0,0
2024,186201335,0.314548843491049,Male,21.0,Secondary,2,0,Rural,0,0,0,0,0,1,,0,4,2.0,0
2024,186349496,0.627952328076605,Female,22.0,Secondary,2,1,Urban,1,1,1,1,0,1,,1,4,1.0,1
2024,186373894,0.244830005845396,Male,20.0,Secondary,5,0,Urban,1,0,1,1,1,1,,1,4,1.0,1
2024,186426169,0.783610990045239,Female,36.0,Secondary,4,1,Rural,1,0,1,1,1,0,,0,4,3.0,1
2024,186443885,1.79990923028956,Male,61.0,Primary or less,2,1,Rural,1,0,1,1,0,1,,0,4,2.0,1
2024,186546004,0.656186311340577,Male,30.0,Secondary,3,0,Urban,1,0,1,1,1,1,,1,4,3.0,1
2024,186592482,0.603058840016361,Female,45.0,Secondary,5,1,Urban,1,0,1,1,0,1,,1,4,1.0,1
2024,186853721,0.244830005845396,Male,20.0,Secondary,5,0,Urban,1,0,1,1,1,0,,1,4,1.0,1
2024,187115716,2.27251796710805,Female,30.0,Secondary,5,1,Rural,1,0,1,1,1,1,,1,4,1.0,1
2024,187141923,0.276344788546234,Male,20.0,Secondary,5,1,Urban,1,0,1,1,1,1,,1,4,1.0,1
2024,187181941,0.58726513931127,Female,22.0,Secondary,2,1,Urban,1,1,1,1,1,1,,1,4,1.0,1
2024,187279147,1.41176434605377,Male,50.0,Primary or less,3,1,Rural,1,1,1,1,1,1,,0,4,1.0,1
2024,187453904,0.571985968956597,Male,20.0,Secondary,4,1,Urban,1,0,1,1,1,1,,1,4,1.0,1
2024,187513072,0.244830005845396,Female,19.0,Secondary,3,1,Urban,1,0,1,1,1,1,,1,4,1.0,1
2024,187768812,0.763369152391208,Male,20.0,Secondary,5,1,Urban,1,0,1,1,1,1,,1,4,2.0,1
2024,187877449,1.3945886537061,Female,31.0,Secondary,5,1,Urban,1,0,1,1,1,1,,1,4,1.0,1
2024,187957634,0.551185740068977,Male,23.0,Secondary,5,1,Urban,0,0,0,0,1,1,,1,4,1.0,0
2024,188025368,1.61596250194545,Male,18.0,Secondary,5,1,Urban,1,0,1,1,1,1,,1,4,1.0,1
2024,188263005,0.707126243677759,Female,65.0,Secondary,5,0,Urban,1,1,1,1,0,1,,1,4,1.0,1
2024,188387171,2.27417526981392,Female,22.0,Primary or less,2,1,Rural,0,0,0,0,0,0,,1,4,1.0,0
2024,188439929,0.753172525289803,Male,36.0,Primary or less,1,1,Rural,0,0,0,0,0,0,,0,4,3.0,0
2024,188515572,1.02717060622497,Male,57.0,Primary or less,3,1,Urban,1,0,1,1,0,1,,0,4,2.0,1
2024,188642332,2.27417526981392,Female,46.0,Primary or less,4,1,Urban,1,0,1,1,0,0,,1,4,1.0,1
2024,188797527,2.27417526981392,Male,66.0,Primary or less,5,0,Urban,1,1,0,0,1,1,,1,4,2.0,0
2024,188954853,1.97657971667235,Female,26.0,Secondary,3,1,Rural,1,0,1,1,1,1,,1,4,1.0,1
2024,189135383,0.964394593157452,Female,60.0,Primary or less,1,1,Rural,1,1,0,0,0,0,,0,4,3.0,1
2024,189177860,0.244830005845396,Female,19.0,Secondary,5,0,Urban,1,0,1,1,1,0,,1,4,1.0,1
2024,189367620,1.1297587879347,Male,40.0,Primary or less,1,0,Rural,0,0,0,0,0,1,,0,4,3.0,0
2024,189567074,0.718634011277823,Male,70.0,Primary or less,1,1,Rural,0,0,0,0,0,1,,0,4,3.0,0
2024,189659837,0.786372108727624,Male,16.0,Secondary,3,1,Urban,1,0,1,1,1,1,,1,4,3.0,1
2024,189771073,0.376586262644902,Male,40.0,Primary or less,1,0,Rural,0,0,0,0,1,0,,0,4,3.0,0
2024,189778670,0.861595551764528,Male,42.0,Secondary,2,1,Urban,0,0,0,0,1,1,,0,4,3.0,0
2024,189809531,0.244830005845396,Male,27.0,Secondary,5,1,Urban,1,1,0,0,1,1,,1,4,1.0,1
2024,189955921,1.65544547652463,Female,16.0,Secondary,5,0,Urban,0,0,0,0,1,0,,1,4,3.0,0
2024,189990810,0.891215285960298,Male,48.0,Tertiary+,5,0,Urban,1,1,1,1,1,1,,1,4,1.0,1
2024,190013628,1.65544547652463,Female,18.0,Secondary,5,1,Urban,1,0,1,1,1,1,,1,4,1.0,1
2024,190101154,1.65935117093505,Female,56.0,Primary or less,2,1,Urban,1,1,1,1,1,1,,0,4,1.0,1
2024,190344461,2.27417526981392,Female,20.0,Primary or less,3,1,Rural,1,0,1,1,0,0,,0,4,2.0,1
2024,190390464,0.726281678977616,Male,23.0,Secondary,4,1,Urban,1,0,1,1,1,1,,1,4,1.0,1
2024,190694555,1.10363031768309,Female,18.0,Secondary,5,1,Urban,1,0,1,1,1,0,,0,4,1.0,1
2024,190856790,0.35382356230361,Male,57.0,Secondary,5,1,Urban,1,0,1,1,1,1,,0,4,1.0,1
2024,191096046,1.59161025157902,Male,54.0,Primary or less,1,1,Urban,1,0,1,1,1,1,,0,4,1.0,1
2024,191206978,0.543321977750264,Male,25.0,Secondary,5,1,Urban,0,0,0,0,1,1,,1,4,1.0,0
2024,191235799,0.966614549996287,Female,40.0,Primary or less,2,0,Rural,0,0,0,0,0,1,,0,4,2.0,0
2024,191239383,1.55785099495735,Male,23.0,Secondary,1,1,Rural,1,1,1,1,1,0,,1,4,2.0,1
2024,191508651,0.244830005845396,Female,18.0,Secondary,5,1,Urban,1,0,1,1,1,1,,1,4,1.0,1
2024,191545650,0.774831702522361,Female,20.0,Secondary,3,0,Rural,0,0,0,0,0,0,,1,4,1.0,0
2024,191602619,0.305918921299408,Male,25.0,Secondary,4,1,Urban,1,0,1,1,1,1,,1,4,1.0,1
2024,191641453,0.651653740151,Male,19.0,Secondary,2,1,Urban,0,0,0,0,1,1,,0,4,1.0,0
2024,191661893,0.367457160045984,Male,18.0,Secondary,4,0,Urban,0,0,0,0,0,0,,0,4,2.0,0
2024,191674997,0.385030811052977,Male,25.0,Secondary,5,0,Rural,0,0,0,0,0,0,,1,4,3.0,0
2024,191692574,1.03856732997157,Male,24.0,Primary or less,3,1,Urban,1,1,1,1,1,1,,1,4,2.0,1
2024,191803125,0.829675585467525,Female,62.0,Secondary,2,0,Rural,0,0,0,0,1,0,,0,4,3.0,0
2024,191934331,2.27417526981392,Female,26.0,Secondary,3,0,Rural,1,0,1,1,0,0,,1,4,1.0,1
2024,191948362,2.27417526981392,Male,51.0,Primary or less,2,1,Urban,0,0,0,0,0,0,,0,4,1.0,0
2024,192014494,0.264501369638112,Female,25.0,Tertiary+,5,1,Urban,1,1,1,1,1,0,,1,4,1.0,1
2024,192249966,0.502051984351893,Male,20.0,Secondary,3,0,Urban,0,0,0,0,0,1,,0,4,3.0,0
2024,192281847,0.712972228768238,Male,52.0,Secondary,5,0,Urban,1,1,1,1,1,1,,1,4,1.0,1
2024,192332355,0.652148764697583,Male,55.0,Secondary,1,1,Urban,1,1,0,0,0,1,,0,4,1.0,1
2024,192342161,0.707386605606918,Female,21.0,Secondary,5,0,Urban,1,0,1,1,1,0,,1,4,3.0,1
2024,192402992,0.245284407821985,Female,29.0,Secondary,5,1,Urban,1,1,1,1,1,0,,1,5,1.0,1
2024,192537776,0.924411176544786,Female,37.0,Primary or less,2,1,Rural,1,0,1,1,1,1,,0,4,1.0,1
2024,192599404,0.652388884070882,Male,20.0,Secondary,2,0,Urban,1,0,1,1,1,1,,1,4,1.0,1
2024,192643574,2.08564638071817,Male,45.0,Secondary,2,1,Rural,1,0,1,1,1,1,,1,4,1.0,1
2024,192654682,0.375721382999573,Male,67.0,Primary or less,2,0,Rural,0,0,0,0,0,0,,0,4,3.0,0
2024,192686892,0.724296606405083,Male,26.0,Secondary,3,0,Rural,1,1,1,1,1,0,,1,4,1.0,1
2024,192697061,1.79906875960656,Male,57.0,Primary or less,2,0,Urban,1,0,1,1,0,1,,0,4,1.0,1
2024,192830211,0.276739980184469,Male,40.0,Secondary,5,1,Urban,1,0,1,1,1,1,,1,4,1.0,1
2024,193155607,1.80405247293465,Male,42.0,Primary or less,1,1,Rural,0,0,0,0,1,1,,0,4,3.0,0
2024,193175083,0.326194442035441,Male,22.0,Secondary,4,0,Urban,1,0,1,1,0,1,,0,4,2.0,1
2024,193213267,1.24675199773646,Female,38.0,Secondary,4,1,Urban,1,0,1,1,1,1,,1,4,1.0,1
2024,193366350,1.08664395550053,Male,33.0,Secondary,5,1,Urban,1,1,1,1,1,1,,1,4,1.0,1
2024,193545514,2.07495267431433,Female,16.0,Primary or less,2,1,Rural,1,0,1,1,0,0,,0,4,2.0,1
2024,193559012,0.461144072638642,Female,70.0,Primary or less,1,1,Rural,0,0,0,0,0,0,,0,4,3.0,0
2024,193604049,0.859775775135573,Male,17.0,Secondary,3,0,Rural,0,0,0,0,0,1,,0,4,2.0,0
2024,193704650,0.908427241509024,Male,30.0,Primary or less,2,1,Rural,1,1,0,0,1,1,,1,4,1.0,1
2024,193878378,1.02023320081495,Female,26.0,Primary or less,1,0,Rural,0,0,0,0,0,0,,0,4,3.0,0
2024,193990674,0.5271700260096,Female,45.0,Primary or less,3,0,Rural,0,0,0,0,0,1,,1,4,1.0,0
2024,194119712,1.69280461916907,Female,30.0,Primary or less,2,1,Urban,1,0,1,1,0,1,,1,4,1.0,1
2024,194391730,0.609400736469388,Male,16.0,Secondary,4,0,Urban,1,0,1,1,1,1,,1,4,1.0,1
2024,194634127,0.573183850090382,Male,19.0,Secondary,3,1,Rural,1,0,1,1,0,0,,0,4,1.0,1
2024,194687864,0.46248330130673,Female,18.0,Secondary,4,1,Rural,1,0,1,1,1,1,,1,4,3.0,1
2024,194703119,1.44693282903232,Male,33.0,Secondary,4,1,Urban,1,1,1,1,1,0,,0,4,1.0,1
2024,194709428,0.244830005845396,Male,38.0,Secondary,5,0,Urban,1,1,1,1,1,1,,1,4,1.0,1
2024,194747871,0.854332102203848,Female,21.0,Secondary,5,0,Urban,1,0,1,1,1,1,,1,4,1.0,1
2024,194836679,0.244830005845396,Female,24.0,Secondary,4,1,Urban,1,0,1,1,1,1,,1,4,1.0,1
2024,194900864,1.10302203065099,Female,60.0,Secondary,3,1,Rural,0,0,0,0,1,1,,0,4,1.0,0
2024,194943473,0.574291819392962,Male,37.0,Secondary,5,1,Rural,0,0,0,0,1,0,,0,4,1.0,0
2024,194953354,1.76135544313382,Female,26.0,Secondary,3,1,Urban,1,1,1,1,1,1,,1,1,1.0,1
2024,195033761,1.83837005108498,Female,64.0,Secondary,2,0,Rural,0,0,0,0,1,1,,0,4,1.0,0
2024,195073276,1.10556109642106,Female,40.0,Primary or less,3,1,Rural,0,0,0,0,1,1,,0,4,2.0,0
2024,195092245,0.518923636297617,Male,75.0,Primary or less,1,0,Rural,0,0,0,0,0,0,,0,4,3.0,0
2024,195111153,1.44693282903232,Male,34.0,Secondary,4,1,Urban,1,1,1,1,1,1,,0,4,3.0,1
2024,195265514,0.735618773543378,Female,18.0,Secondary,5,1,Rural,1,0,1,1,1,1,,1,4,1.0,1
2024,195405082,1.42594320740962,Male,28.0,Primary or less,1,1,Rural,0,0,0,0,0,0,,0,4,3.0,0
2024,195669634,1.23229051253656,Male,50.0,Primary or less,3,0,Rural,0,0,0,0,1,1,,0,4,1.0,0
2024,195724786,0.343854973646798,Male,42.0,Secondary,5,1,Urban,1,0,1,1,1,0,,1,4,3.0,1
2024,195821511,0.415109970276704,Male,38.0,Secondary,5,0,Urban,1,0,1,1,1,0,,1,4,1.0,1
2024,196084213,1.91211187878934,Male,38.0,Secondary,1,1,Urban,0,0,0,0,0,1,,0,4,3.0,0
2024,196452170,0.244830005845396,Female,24.0,Secondary,5,0,Rural,1,0,1,1,1,1,,0,4,1.0,1
2024,196714958,0.824383057398477,Male,26.0,Secondary,4,0,Urban,1,0,1,1,1,1,,1,4,1.0,1
2024,196736964,1.03784727259523,Male,79.0,Primary or less,1,0,Rural,0,0,0,0,0,0,,0,4,3.0,0
2024,196791795,2.27417526981392,Male,37.0,Primary or less,4,0,Urban,1,0,1,1,0,1,,0,4,3.0,1
2024,197201925,0.244830005845396,Male,40.0,Secondary,1,0,Rural,0,0,0,0,0,1,,0,4,3.0,0
2024,197206046,1.5815100780288,Female,47.0,Primary or less,1,0,Rural,0,0,0,0,1,1,,0,4,2.0,0
2024,197290826,2.27417526981392,Female,40.0,Primary or less,1,1,Rural,0,0,0,0,1,1,,0,4,2.0,0
2024,197361523,1.31237262268115,Male,26.0,Secondary,4,1,Rural,1,0,1,1,1,1,,0,4,2.0,1
2024,197369359,2.27417526981392,Female,69.0,Primary or less,5,0,Rural,1,0,1,1,0,0,,0,4,1.0,1
2024,197378987,0.314336457839741,Female,23.0,Secondary,5,1,Rural,1,1,1,1,1,1,,1,4,1.0,1
2024,197451729,1.14636770018076,Male,19.0,Secondary,4,1,Rural,0,0,0,0,1,1,,0,4,1.0,0
2024,197452797,0.461081844215858,Female,23.0,Secondary,5,1,Rural,1,0,1,1,1,1,,1,4,1.0,1
2024,197582542,0.375721382999573,Male,70.0,Primary or less,2,1,Rural,0,0,0,0,0,1,,0,4,3.0,0
2024,197695365,0.996869626154505,Male,49.0,Primary or less,5,1,Urban,1,1,0,0,1,0,,1,4,2.0,0
2024,197853126,2.27417526981392,Male,60.0,Primary or less,2,0,Rural,0,0,0,0,0,0,,0,4,3.0,0
2024,197857725,0.392613472369291,Female,34.0,Secondary,5,0,Urban,1,0,1,1,1,1,,1,4,1.0,1
2024,197858949,0.244830005845396,Female,20.0,Primary or less,5,1,Rural,1,0,1,1,1,1,,1,4,1.0,1
2024,197877734,0.564268206389691,Female,26.0,Primary or less,1,0,Urban,1,0,1,1,0,1,,1,3,1.0,1
2024,197932301,0.382422375757867,Male,39.0,Secondary,5,1,Urban,1,0,1,1,1,1,,1,4,1.0,1
2024,198011229,1.39175954357783,Male,20.0,Primary or less,3,0,Urban,0,0,0,0,0,1,,0,4,3.0,0
2024,198083458,2.07495267431433,Female,17.0,Primary or less,4,0,Rural,0,0,0,0,0,0,,0,4,3.0,0
2024,198124678,2.27417526981392,Female,18.0,Secondary,1,1,Urban,1,0,1,1,1,1,,1,4,1.0,1
2024,198250325,0.655972804066787,Male,30.0,Primary or less,4,1,Urban,1,0,1,1,1,1,,1,4,2.0,1
2024,198332005,1.12844325157056,Male,18.0,Primary or less,1,1,Rural,0,0,0,0,0,0,,0,4,3.0,0
2024,198430647,0.471591070404612,Female,22.0,Secondary,5,1,Urban,1,1,1,1,1,1,,1,4,3.0,1
2024,198436711,0.965158900281448,Female,15.0,Secondary,1,0,Rural,0,0,0,0,0,1,,0,4,3.0,0
2024,198670174,0.481034748850154,Male,35.0,Primary or less,1,1,Rural,1,0,1,1,1,1,,1,4,1.0,1
2024,198676199,0.302998790666187,Female,24.0,Primary or less,4,1,Rural,1,0,1,1,1,1,,1,4,1.0,1
2024,198824652,2.05381752089427,Male,50.0,Primary or less,4,0,Urban,0,0,0,0,0,1,,0,4,2.0,0
2024,198895758,0.452783446780218,Male,50.0,Secondary,4,1,Urban,1,1,1,1,1,1,,1,4,1.0,1
2024,198933488,0.244830005845396,Male,25.0,Secondary,5,0,Rural,1,0,1,1,1,1,,1,4,1.0,1
2024,199054719,1.87929861287345,Male,20.0,Primary or less,3,0,Rural,0,0,0,0,0,1,,0,4,2.0,0
2024,199063055,1.79724652583804,Male,16.0,Primary or less,1,1,Rural,0,0,0,0,1,1,,0,4,3.0,0
2024,199306558,1.31194560813357,Male,34.0,Primary or less,4,0,Urban,0,0,0,0,0,1,,1,4,1.0,0
2024,199322401,1.54552850690278,Male,20.0,Primary or less,3,0,Rural,0,0,0,0,0,0,,0,4,3.0,0
2024,199368972,0.29796008021784,Female,26.0,Tertiary+,5,1,Urban,1,1,1,1,1,1,,1,4,1.0,1
2024,199540127,1.65544547652463,Female,24.0,Secondary,2,1,Urban,1,1,1,1,1,1,,1,1,1.0,1
2024,199569951,0.244830005845396,Male,32.0,Secondary,5,1,Rural,1,0,1,1,1,1,,1,4,1.0,1
2024,199624953,1.2449716045886,Female,24.0,Secondary,3,1,Rural,0,0,0,0,1,1,,0,4,2.0,0
2024,200022016,2.27417526981392,Male,40.0,Primary or less,1,1,Urban,0,0,0,0,1,1,,0,4,3.0,0
2024,200211196,1.64305401671542,Male,50.0,Primary or less,1,0,Rural,0,0,0,0,0,0,,0,4,3.0,0
2024,200342709,1.06067785695896,Female,54.0,Secondary,5,1,Urban,1,1,1,1,1,0,,1,4,1.0,1
2024,200356154,1.13062454206269,Male,40.0,Primary or less,2,1,Rural,0,0,0,0,1,1,,0,4,1.0,0
2024,200744930,1.51775753684821,Female,45.0,Primary or less,3,1,Rural,1,0,1,1,0,1,,1,4,1.0,1
2024,200746128,1.82785180785821,Male,39.0,Primary or less,4,1,Urban,1,0,1,1,1,1,,0,4,1.0,1
2024,200772974,0.859933293326642,Male,24.0,Secondary,5,0,Urban,0,0,0,0,1,0,,1,4,2.0,0
2024,200890340,0.244830005845396,Male,38.0,Tertiary+,5,0,Urban,1,1,1,1,1,1,,1,4,1.0,1
2024,200923451,0.412191528699239,Male,33.0,Secondary,2,1,Urban,1,0,1,1,1,1,,1,4,3.0,1
2024,201046974,0.278775431320593,Female,22.0,Secondary,5,1,Urban,1,0,1,1,1,1,,1,4,1.0,1
2024,201162620,2.27417526981392,Male,61.0,Primary or less,4,1,Urban,1,1,1,1,1,0,,0,1,1.0,1
2024,201185117,0.482197296578726,Female,80.0,Primary or less,2,0,Rural,1,1,0,0,0,0,,0,4,3.0,1
2024,201250944,0.367457160045984,Male,22.0,Secondary,5,1,Urban,1,0,1,1,1,1,,1,4,1.0,1
2024,201359825,0.859775775135573,Male,22.0,Secondary,2,1,Rural,1,0,1,1,1,1,,1,4,3.0,1
2024,201778718,0.829675585467525,Female,62.0,Secondary,3,1,Rural,0,0,0,0,0,0,,0,4,2.0,0
2024,201832297,2.27417526981392,Male,52.0,Primary or less,2,0,Urban,1,0,1,1,0,1,,0,4,1.0,1
2024,201925419,0.696498969689888,Male,30.0,Secondary,5,1,Urban,1,0,1,1,1,0,,0,4,3.0,1
2024,202218544,0.367457160045984,Male,24.0,Secondary,5,1,Urban,0,0,0,0,1,0,,0,4,1.0,0
2024,202252494,2.27417526981392,Female,31.0,Primary or less,1,1,Rural,1,0,1,1,1,1,,0,4,1.0,1
2024,202343283,0.719710720241675,Female,34.0,Secondary,5,1,Urban,1,1,0,1,1,1,,1,4,1.0,1
2024,202403449,1.37181542876905,Female,30.0,Primary or less,4,1,Urban,0,0,0,0,0,1,,0,4,3.0,0
2024,202425657,0.786372108727624,Male,17.0,Secondary,3,0,Rural,0,0,0,0,1,1,,0,4,2.0,0
2024,202478840,1.80917652004908,Female,50.0,Secondary,4,1,Urban,1,0,1,1,1,1,,1,4,1.0,1
2024,202523750,1.35624582513188,Male,54.0,Primary or less,5,1,Rural,0,0,0,0,1,1,,0,4,1.0,0
2024,202607528,0.368167457890699,Male,35.0,Secondary,5,1,Urban,1,1,1,1,1,1,,1,4,1.0,1
2024,202678706,1.3605844632697,Female,52.0,Secondary,1,1,Rural,1,0,1,1,1,1,,0,4,2.0,1
2024,202784957,0.359546395744575,Female,56.0,Secondary,3,1,Rural,1,0,1,1,1,1,,0,4,1.0,1
2024,203067651,1.08664395550053,Male,27.0,Secondary,2,0,Urban,0,0,0,0,1,0,,1,4,2.0,0
2024,203081084,0.489291663053162,Male,19.0,Secondary,5,1,Urban,1,0,1,1,1,1,,1,4,1.0,1
2024,203233072,1.38878922039535,Female,19.0,Primary or less,2,0,Rural,0,0,0,0,0,1,,0,4,2.0,0
2024,203297400,0.388970009223074,Female,42.0,Secondary,5,1,Urban,1,1,1,1,1,0,,1,4,1.0,1
2024,203338977,0.751719445149378,Male,20.0,Primary or less,3,0,Rural,0,0,0,0,1,1,,0,4,2.0,0
2024,203489784,1.71851222922879,Female,65.0,Primary or less,4,0,Rural,0,0,0,0,0,1,,0,4,2.0,0
2024,203493391,0.471591070404612,Female,18.0,Secondary,3,1,Urban,1,1,1,1,1,0,,1,4,1.0,1
2024,203658968,1.36264086226354,Male,28.0,Primary or less,2,1,Rural,1,1,1,1,1,1,,0,4,1.0,1
2024,203796858,1.2449716045886,Female,18.0,Secondary,2,0,Rural,0,0,0,0,0,0,,0,4,3.0,0
2024,203876652,0.36081049458693,Male,36.0,,5,1,Urban,1,1,0,0,0,0,,1,1,2.0,1
2024,203919309,1.72319110352906,Male,38.0,Secondary,1,1,Urban,1,0,1,1,0,1,,0,4,1.0,1
2024,203920682,2.27417526981392,Female,30.0,Primary or less,3,1,Rural,1,0,1,1,1,1,,1,4,2.0,1
2024,204047572,1.4158153566466,Male,17.0,Secondary,2,0,Urban,1,0,1,1,1,1,,1,4,2.0,1
2024,204147787,0.815486105088603,Male,18.0,Secondary,3,0,Urban,1,0,1,1,1,0,,1,4,1.0,1
2024,204196109,0.29796008021784,Female,25.0,Secondary,4,1,Urban,1,1,1,1,1,0,,1,4,1.0,1
2024,204560161,0.774258013386913,Male,40.0,Primary or less,5,1,Rural,1,0,1,1,1,1,,0,4,1.0,1
2024,204646717,0.734914320091968,Male,24.0,Secondary,4,0,Urban,0,0,0,0,0,0,,1,4,3.0,0
2024,204697664,0.367950185029468,Male,26.0,Secondary,4,0,Urban,1,0,1,1,1,1,,1,4,1.0,1
2024,204724144,2.27417526981392,Male,30.0,Primary or less,2,1,Urban,0,0,0,0,0,0,,0,4,2.0,0
2024,204878695,0.278775431320593,Female,16.0,Secondary,3,1,Urban,0,0,0,0,0,1,,1,4,3.0,0
2024,204949366,1.68373868010877,Female,29.0,Primary or less,1,1,Rural,0,0,0,0,0,0,,0,4,3.0,0
2024,204992176,0.969577501167272,Male,18.0,Secondary,3,1,Urban,0,0,0,0,1,1,,1,4,1.0,0
2024,205145447,2.27417526981392,Male,18.0,Primary or less,2,1,Urban,1,0,1,1,1,1,,0,4,1.0,1
2024,205241433,1.36741387729822,Male,33.0,Primary or less,2,0,Rural,0,0,0,0,0,0,,0,4,3.0,0
2024,205274154,1.52350184117347,Male,23.0,Secondary,4,0,Rural,1,0,1,1,1,0,,1,4,1.0,1
2024,205296261,0.58232936617094,Female,20.0,Secondary,5,1,Urban,1,0,1,1,1,1,,1,4,1.0,1
2024,205566476,0.482310943010774,Male,31.0,Secondary,2,1,Urban,0,0,0,0,1,1,,0,4,1.0,0
2024,205621153,0.652388884070882,Male,24.0,Secondary,5,1,Urban,1,0,1,1,1,0,,1,4,3.0,1
2024,205903791,0.29796008021784,Female,26.0,Secondary,5,1,Urban,1,0,1,1,1,1,,1,4,1.0,1
2024,205927400,1.84866971492069,Female,21.0,Secondary,5,1,Rural,1,0,1,1,0,1,,1,4,1.0,1
2024,205936466,0.464332646459925,Male,29.0,Secondary,5,1,Urban,1,0,1,1,1,0,,1,4,1.0,1
2024,205983707,2.17235021695765,Female,18.0,Primary or less,1,1,Rural,0,0,0,0,1,1,,1,4,2.0,0
2024,206110553,2.27417526981392,Female,73.0,Primary or less,5,1,Rural,0,0,0,0,1,1,,0,4,1.0,0
2024,206155120,0.573183850090382,Male,22.0,Secondary,3,1,Rural,1,1,1,1,1,1,,1,4,1.0,1
2024,206426176,2.27417526981392,Female,42.0,Primary or less,4,1,Urban,1,1,1,1,0,0,,0,4,1.0,1
2024,206530963,0.314336457839741,Female,23.0,Secondary,4,0,Rural,1,1,1,1,1,1,,1,4,1.0,1
2024,206576663,1.8479892903699,Female,62.0,Secondary,5,0,Urban,1,1,0,0,0,1,,1,4,1.0,1
2024,206897473,0.837269770768806,Female,19.0,Secondary,5,0,Urban,0,0,0,0,0,0,,1,4,3.0,0
2024,207034295,2.05434121244993,Male,59.0,Primary or less,4,0,Urban,0,0,0,0,1,1,,0,4,2.0,0
2024,207155623,0.751719445149378,Male,16.0,Primary or less,1,0,Rural,0,0,0,0,0,0,,0,4,3.0,0
2024,207496286,0.278434716353681,Female,30.0,Secondary,5,1,Rural,1,1,1,1,1,1,,1,4,1.0,1
2024,207562092,1.79724652583804,Male,23.0,Primary or less,2,1,Rural,0,0,0,0,0,1,,0,4,3.0,0
2024,207692188,2.05381752089427,Male,46.0,Primary or less,3,1,Rural,1,0,1,1,1,0,,0,4,1.0,1
2024,207694900,0.307760176765478,Male,23.0,Secondary,5,1,Urban,1,0,1,1,1,1,,1,4,1.0,1
2024,207763138,1.44659188973618,Female,60.0,Primary or less,1,1,Rural,0,0,0,0,0,0,,0,4,3.0,0
2024,207947852,1.84525545844825,Female,24.0,Primary or less,1,1,Rural,0,0,0,0,1,1,,0,4,1.0,0
2024,208024905,0.464332646459925,Male,28.0,Secondary,5,1,Urban,1,1,1,1,1,1,,1,4,1.0,1
2024,208032129,0.529002739276223,Female,27.0,Secondary,5,1,Urban,1,1,1,1,1,1,,1,4,1.0,1
2024,208369562,1.14377733342949,Female,45.0,Secondary,3,1,Urban,1,1,1,1,1,1,,1,4,3.0,1
2024,208445701,0.402567540074092,Male,37.0,Secondary,2,1,Rural,1,0,1,1,1,1,,0,4,1.0,1
2024,208528172,1.25512996087973,Male,19.0,Primary or less,4,1,Urban,0,0,0,0,1,1,,0,4,3.0,0
2024,208607385,0.965158900281448,Female,20.0,Secondary,5,1,Rural,1,1,1,1,1,1,,1,1,1.0,1
2024,208634730,0.964621886021549,Male,25.0,Secondary,4,1,Rural,1,1,1,1,1,1,,1,4,1.0,1
2024,208751862,1.4248513186595,Male,30.0,Primary or less,1,1,Rural,0,0,0,0,0,1,,0,4,3.0,0
2024,208914882,1.02953506826998,Male,39.0,Primary or less,3,0,Urban,0,0,0,0,0,0,,1,4,2.0,0
2024,208966907,0.553757930789415,Male,35.0,Secondary,4,1,Urban,1,1,1,1,1,1,,0,4,3.0,1
2024,209071210,1.2449716045886,Female,17.0,Secondary,3,0,Rural,1,0,1,1,1,1,,1,4,1.0,1
2024,209185919,2.20726063536617,Female,16.0,Secondary,4,1,Urban,1,0,1,1,1,1,,1,4,1.0,1
2024,209296523,1.50343889029876,Male,20.0,Primary or less,4,0,Rural,0,0,0,0,0,0,,0,4,3.0,0
2024,209321349,0.724665092816706,Female,17.0,Secondary,4,1,Rural,1,0,1,1,1,1,,1,4,1.0,1
2024,209494353,0.794951427376351,Male,34.0,Secondary,2,0,Urban,0,0,0,0,1,1,,0,4,3.0,0
2024,209568531,0.502265939493295,Female,36.0,Secondary,3,1,Rural,1,0,1,1,1,1,,1,4,1.0,1
2024,209669831,0.724296606405083,Male,31.0,Secondary,3,1,Rural,0,0,0,0,1,1,,0,4,1.0,0
2024,209699087,0.244830005845396,Female,24.0,Secondary,3,1,Rural,1,0,1,1,1,1,,1,4,1.0,1
2024,209763044,0.349199637272066,Male,34.0,Secondary,5,1,Rural,1,0,1,1,1,1,,1,4,1.0,1
2024,209790807,2.27417526981392,Female,35.0,Primary or less,2,0,Urban,1,1,1,1,1,1,,0,4,2.0,1
2024,209860850,1.6078623327371,Female,54.0,Secondary,3,1,Rural,0,0,0,0,1,1,,0,4,1.0,0
2024,210092563,0.4878443912928,Female,30.0,Primary or less,3,1,Rural,1,0,1,1,0,1,,1,4,3.0,1
2024,210099008,0.244830005845396,Male,26.0,Secondary,5,1,Urban,1,1,1,1,1,0,,1,4,1.0,1
2024,210099013,0.359449305167608,Male,20.0,Primary or less,1,0,Rural,0,0,0,0,0,1,,0,4,3.0,0
2024,210200556,0.482310943010774,Male,25.0,Secondary,2,1,Urban,1,0,1,1,1,1,,1,4,1.0,1
2024,210256876,0.334843959662196,Female,41.0,Secondary,5,1,Rural,1,0,1,1,1,1,,1,4,1.0,1
2024,210301644,0.970064445383833,Male,20.0,Secondary,2,1,Rural,0,0,0,0,1,1,,1,4,2.0,0
2024,210351701,2.17541369514164,Female,35.0,Primary or less,4,1,Urban,1,0,1,1,1,0,,0,4,1.0,1
2024,210485511,0.569554734802565,Female,18.0,Secondary,4,1,Urban,1,0,1,1,1,0,,1,4,1.0,1
2024,210515858,0.515384833713757,Female,50.0,Secondary,3,0,Urban,1,1,1,1,1,0,,1,4,1.0,1
2024,210632923,1.90842288097802,Male,15.0,Secondary,4,0,Urban,0,0,0,0,0,0,,0,4,3.0,0
2024,210751115,1.0568132658803,Female,25.0,Secondary,1,1,Urban,0,0,0,0,1,1,,1,4,3.0,0
2024,210759718,0.518923636297617,Male,60.0,Primary or less,1,1,Rural,1,0,1,1,0,1,,0,4,3.0,1
2024,210857779,1.50634505057961,Male,38.0,Primary or less,1,0,Rural,0,0,0,0,0,0,,0,4,3.0,0
2024,210922623,1.1472671272736,Male,40.0,Secondary,2,0,Urban,1,1,1,1,1,1,,1,4,1.0,1
2024,210925292,2.27417526981392,Male,56.0,Primary or less,5,1,Urban,1,1,0,0,1,0,,0,4,1.0,1
2024,210939267,0.936060831046709,Female,43.0,Primary or less,2,1,Urban,1,0,1,1,1,1,,0,4,3.0,1
2024,211060350,0.244830005845396,Male,29.0,Secondary,4,0,Urban,1,0,1,1,0,1,,1,4,3.0,1
